--Listas
INSERT INTO SIIC.CFG_LISTA (ID,CODIGO,NOMBRE,DESCRIPCION,ESTADO,CREADOR,CREACION) values (1,'REGISTRO_ESTADO','Estado de registro','Estado de registro','A',1,SYSDATE);
INSERT INTO SIIC.CFG_LISTA (ID,CODIGO,NOMBRE,DESCRIPCION,ESTADO,CREADOR,CREACION) values (2,'OPCION_TIPO','Tipo de opción','Tipo de opción','A',1,SYSDATE);
INSERT INTO SIIC.CFG_LISTA (ID,CODIGO,NOMBRE,DESCRIPCION,ESTADO,CREADOR,CREACION) values (3,'DOCUMENTO_TIPO','Tipo de DOC','Tipo de documento de identidad','A',1,SYSDATE);
INSERT INTO SIIC.CFG_LISTA (ID,CODIGO,NOMBRE,DESCRIPCION,ESTADO,CREADOR,CREACION) values (4,'TELEFONO_TIPO','Tipo de teléfono','Tipo de telefono','A',1,SYSDATE);
INSERT INTO SIIC.CFG_LISTA (ID,CODIGO,NOMBRE,DESCRIPCION,ESTADO,CREADOR,CREACION) values (5,'INTERPOS_CANAL','Canal de interposición','Canal de interposición','A',1,SYSDATE);
INSERT INTO SIIC.CFG_LISTA (ID,CODIGO,NOMBRE,DESCRIPCION,ESTADO,CREADOR,CREACION) values (6,'ADJUNTO_TIPO','Tipo de adjunto','Tipo de adjunto','A',1,SYSDATE);
INSERT INTO SIIC.CFG_LISTA (ID,CODIGO,NOMBRE,DESCRIPCION,ESTADO,CREADOR,CREACION) values (7,'MONEDA','Tipo de Moneda','Tipo de Moneda','A',1,SYSDATE);
INSERT INTO SIIC.CFG_LISTA (ID,CODIGO,NOMBRE,DESCRIPCION,ESTADO,CREADOR,CREACION) values (8,'TABLAS','Tipo de Tablas Ruta','Tipo de Tablas Ruta','A',1,SYSDATE);
INSERT INTO SIIC.CFG_LISTA (ID,CODIGO,NOMBRE,DESCRIPCION,ESTADO,CREADOR,CREACION) values (9,'ENTIDAD_TIPO','Tipo de Entidad','Tipo de Entidad','A',1,SYSDATE);
INSERT INTO SIIC.CFG_LISTA (ID,CODIGO,NOMBRE,DESCRIPCION,ESTADO,CREADOR,CREACION) values (10,'ESTADO_CIVIL','Tipo de Estado Civil','Tipo de Estado Civil','A',1,SYSDATE);
INSERT INTO SIIC.CFG_LISTA (ID,CODIGO,NOMBRE,DESCRIPCION,ESTADO,CREADOR,CREACION) values (11,'PAISES','Tipo de Pais','Tipo de Estado Pais','A',1,SYSDATE);
INSERT INTO SIIC.CFG_LISTA (ID,CODIGO,NOMBRE,DESCRIPCION,ESTADO,CREADOR,CREACION) values (12,'PARTICIPACION','Tipo de Participación','Tipo de Participación','A',1,SYSDATE);
INSERT INTO SIIC.CFG_LISTA (ID,CODIGO,NOMBRE,DESCRIPCION,ESTADO,CREADOR,CREACION) values (13,'SITUACION_AUTOR','Situación del Presuento Autor','Situación del Presuento Autor','A',1,SYSDATE);
INSERT INTO SIIC.CFG_LISTA (ID,CODIGO,NOMBRE,DESCRIPCION,ESTADO,CREADOR,CREACION) values (14,'CODIGO_PROCESAL','Tipo de Codigo Procesal','Tipo de Codigo Procesal','A',1,SYSDATE);
INSERT INTO SIIC.CFG_LISTA (ID,CODIGO,NOMBRE,DESCRIPCION,ESTADO,CREADOR,CREACION) values (15,'DROGA_TIPO','Tipo de Droga','Tipo de Droga','A',1,SYSDATE);
INSERT INTO SIIC.CFG_LISTA (ID,CODIGO,NOMBRE,DESCRIPCION,ESTADO,CREADOR,CREACION) values (16,'CARGO_TIPO','Tipo de Cargo','Tipo de Cargo','A',1,SYSDATE);
INSERT INTO SIIC.CFG_LISTA (ID,CODIGO,NOMBRE,DESCRIPCION,ESTADO,CREADOR,CREACION) values (17,'GRADO_TIPO','Tipo de Grado','Tipo de Grado','A',1,SYSDATE);
INSERT INTO SIIC.CFG_LISTA (ID,CODIGO,NOMBRE,DESCRIPCION,ESTADO,CREADOR,CREACION) values (18,'MARCAS_TIPO','Tipo de Marcas','Tipos de Marcas y Modelos','A',1,SYSDATE);
INSERT INTO SIIC.CFG_LISTA (ID,CODIGO,NOMBRE,DESCRIPCION,ESTADO,CREADOR,CREACION) values (19,'AGRUPACION_TIPO','Tipo de Agrupación','Tipo de Agrupación','A',1,SYSDATE);
INSERT INTO SIIC.CFG_LISTA (ID,CODIGO,NOMBRE,DESCRIPCION,ESTADO,CREADOR,CREACION) values (20,'TIPO_VEHICULO','Tipo de Vehículo','Tipo de Vehículo','A',1,SYSDATE);
INSERT INTO SIIC.CFG_LISTA (ID,CODIGO,NOMBRE,DESCRIPCION,ESTADO,CREADOR,CREACION) values (21,'TRANSMISION','Tipo de Transmisión','Tipo de Transmisión','A',1,SYSDATE);
INSERT INTO SIIC.CFG_LISTA (ID,CODIGO,NOMBRE,DESCRIPCION,ESTADO,CREADOR,CREACION) values (22,'CILINDRAJE','Nro de Cilindros','Nro de Cilindros','A',1,SYSDATE);
INSERT INTO SIIC.CFG_LISTA (ID,CODIGO,NOMBRE,DESCRIPCION,ESTADO,CREADOR,CREACION) values (23,'ESTADO_OBJETOS','Estado de Cosas Generales','Estado de Cosas Generales','A',1,SYSDATE);
INSERT INTO SIIC.CFG_LISTA (ID,CODIGO,NOMBRE,DESCRIPCION,ESTADO,CREADOR,CREACION) values (24,'DELITO_MOVIL','Movil del Delito','Movil del Delito Cometido','A',1,SYSDATE);
INSERT INTO SIIC.CFG_LISTA (ID,CODIGO,NOMBRE,DESCRIPCION,ESTADO,CREADOR,CREACION) values (25,'DELITO_MEDIO','Medio del Delito','Medio del Delito Cometido','A',1,SYSDATE);
INSERT INTO SIIC.CFG_LISTA (ID,CODIGO,NOMBRE,DESCRIPCION,ESTADO,CREADOR,CREACION) values (26,'PRIORIDAD_EXP','Prioridad del Expediente','Prioridad del Expediente','A',1,SYSDATE);
INSERT INTO SIIC.CFG_LISTA (ID,CODIGO,NOMBRE,DESCRIPCION,ESTADO,CREADOR,CREACION) values (27,'SIGLAS_DOC','Sigla del Documento','Sigla del Documento','A',1,SYSDATE);
INSERT INTO SIIC.CFG_LISTA (ID,CODIGO,NOMBRE,DESCRIPCION,ESTADO,CREADOR,CREACION) values (28,'FINALIDAD_EXP','Finalidad del Expediente','Finalidad del Expediente','A',1,SYSDATE);
INSERT INTO SIIC.CFG_LISTA (ID,CODIGO,NOMBRE,DESCRIPCION,ESTADO,CREADOR,CREACION) values (29,'DOCUMENTO_EXP','Tipos de Documento de Oficinas','Tipos de Documento','A',1,SYSDATE);
INSERT INTO SIIC.CFG_LISTA (ID,CODIGO,NOMBRE,DESCRIPCION,ESTADO,CREADOR,CREACION) values (30,'PERIODO','Periodos de Años','Periodo desde 1950 al 2013','A',1,SYSDATE);
INSERT INTO SIIC.CFG_LISTA (ID,CODIGO,NOMBRE,DESCRIPCION,ESTADO,CREADOR,CREACION) values (31,'VEHICULO_SIT','Situación del Vehiculo','Situación del Vehiculo','A',1,SYSDATE);
INSERT INTO SIIC.CFG_LISTA (ID,CODIGO,NOMBRE,DESCRIPCION,ESTADO,CREADOR,CREACION) values (32,'COLORES','Colores','Detalle de todos los Colores','A',1,SYSDATE);
INSERT INTO SIIC.CFG_LISTA (ID,CODIGO,NOMBRE,DESCRIPCION,ESTADO,CREADOR,CREACION) values (33,'TIPO_DIRECCION','Tipos de Direccion','Tipos de Direccion','A',1,SYSDATE);
INSERT INTO SIIC.CFG_LISTA (ID,CODIGO,NOMBRE,DESCRIPCION,ESTADO,CREADOR,CREACION) values (34,'ARMA_CLASIF','Tipos de Clasificacion','Tipos de Clasificacion de Armas','A',1,SYSDATE);
INSERT INTO SIIC.CFG_LISTA (ID,CODIGO,NOMBRE,DESCRIPCION,ESTADO,CREADOR,CREACION) values (35,'SERIE_EST','Estado de Series','Estado de Serie de Vehiculos y Armas','A',1,SYSDATE);
INSERT INTO SIIC.CFG_LISTA (ID,CODIGO,NOMBRE,DESCRIPCION,ESTADO,CREADOR,CREACION) values (36,'CALIBRE','Numero de Calibre','Numero de Calibre','A',1,SYSDATE);
INSERT INTO SIIC.CFG_LISTA (ID,CODIGO,NOMBRE,DESCRIPCION,ESTADO,CREADOR,CREACION) values (37,'TIPO_FUNCION','Tipos de Funcion','Tipos de Funcion','A',1,SYSDATE);
INSERT INTO SIIC.CFG_LISTA (ID,CODIGO,NOMBRE,DESCRIPCION,ESTADO,CREADOR,CREACION) values (38,'TIPO_MEDIDA','Tipos de Medida','Tipos de Medida','A',1,SYSDATE);
INSERT INTO SIIC.CFG_LISTA (ID,CODIGO,NOMBRE,DESCRIPCION,ESTADO,CREADOR,CREACION) values (39,'TIPO_MEDIOS','Tipos de Medios Utilizados','Tipos de Medios Utilizados','A',1,SYSDATE);
INSERT INTO SIIC.CFG_LISTA (ID,CODIGO,NOMBRE,DESCRIPCION,ESTADO,CREADOR,CREACION) values (40,'TIPO_MOVIL','Tipos de Movil','Tipos de Movil','A',1,SYSDATE);
INSERT INTO SIIC.CFG_LISTA (ID,CODIGO,NOMBRE,DESCRIPCION,ESTADO,CREADOR,CREACION) values (41,'PRIORIDAD_RUTA','Tipo de Prioridad de la Ruta','Tipo de Prioridad de la Ruta','A',1,SYSDATE);
INSERT INTO SIIC.CFG_LISTA (ID,CODIGO,NOMBRE,DESCRIPCION,ESTADO,CREADOR,CREACION) values (42,'ESTADO_MOV_EXP','Estado de Expediente','Estado de Expediente','A',1,SYSDATE);
INSERT INTO SIIC.CFG_LISTA (ID,CODIGO,NOMBRE,DESCRIPCION,ESTADO,CREADOR,CREACION) values (43,'ORIENT_SEX_PER','Orientación Sexual','Orientación Sexual','A',1,SYSDATE);
INSERT INTO SIIC.CFG_LISTA (ID,CODIGO,NOMBRE,DESCRIPCION,ESTADO,CREADOR,CREACION) values (44,'NIVEL_DEP','Nivel de la Dependencia','Nivel de la Dependencia','A',1,SYSDATE);

--Valores
INSERT INTO SIIC.CFG_VALOR (ID,LISTA,CODIGO,NOMBRE,DESCRIPCION,ORDEN,ESTADO,CREADOR,CREACION) values (1,1,'A','Activo','Activo',1,'A',1,SYSDATE);
INSERT INTO SIIC.CFG_VALOR (ID,LISTA,CODIGO,NOMBRE,DESCRIPCION,ORDEN,ESTADO,CREADOR,CREACION) values (2,1,'I','Inactivo','Inactivo',2,'A',1,SYSDATE);

-- Valores Tipo de Opcion
INSERT INTO SIIC.CFG_VALOR (ID,LISTA,CODIGO,NOMBRE,DESCRIPCION,ORDEN,ESTADO,CREADOR,CREACION) values (3,2,'MEN','Menú','Opción que sirve para construir el menú de la aplicación',1,'A',1,SYSDATE);
INSERT INTO SIIC.CFG_VALOR (ID,LISTA,CODIGO,NOMBRE,DESCRIPCION,ORDEN,ESTADO,CREADOR,CREACION) values (4,2,'VEN','Ventana','Opción que sirve para controlar permisos sobre ventanas (que no se abren desde menú)',2,'A',1,SYSDATE);
INSERT INTO SIIC.CFG_VALOR (ID,LISTA,CODIGO,NOMBRE,DESCRIPCION,ORDEN,ESTADO,CREADOR,CREACION) values (5,2,'ACC','Acción','Opción que permite controlar comportamiento sobre los botones de opciones de menú o ventanas',3,'A',1,SYSDATE);

-- Valores Tipo Documento
INSERT INTO SIIC.CFG_VALOR (ID,LISTA,CODIGO,NOMBRE,DESCRIPCION,ORDEN,ESTADO,CREADOR,CREACION) values (6,3,'L','DNI','DNI o libreta electoral',1,'A',1,SYSDATE);
INSERT INTO SIIC.CFG_VALOR (ID,LISTA,CODIGO,NOMBRE,DESCRIPCION,ORDEN,ESTADO,CREADOR,CREACION) values (7,3,'E','Carné de extranjería','Carné de extranjería',2,'A',1,SYSDATE);
INSERT INTO SIIC.CFG_VALOR (ID,LISTA,CODIGO,NOMBRE,DESCRIPCION,ORDEN,ESTADO,CREADOR,CREACION) values (8,3,'P','Pasaporte','Pasaporte',3,'A',1,SYSDATE);
INSERT INTO SIIC.CFG_VALOR (ID,LISTA,CODIGO,NOMBRE,DESCRIPCION,ORDEN,ESTADO,CREADOR,CREACION) values (9,3,'T','Carné policia','Carné de fuerzas policiales',4,'A',1,SYSDATE);
INSERT INTO SIIC.CFG_VALOR (ID,LISTA,CODIGO,NOMBRE,DESCRIPCION,ORDEN,ESTADO,CREADOR,CREACION) values (10,3,'D','Carné diplomatico','Carné diplomatico',5,'A',1,SYSDATE);
INSERT INTO SIIC.CFG_VALOR (ID,LISTA,CODIGO,NOMBRE,DESCRIPCION,ORDEN,ESTADO,CREADOR,CREACION) values (11,3,'R','RUC','RUC',6,'A',1,SYSDATE);
INSERT INTO SIIC.CFG_VALOR (ID,LISTA,CODIGO,NOMBRE,DESCRIPCION,ORDEN,ESTADO,CREADOR,CREACION) values (12,3,'J','Menor de edad','Menor de edad',7,'I',1,SYSDATE);
INSERT INTO SIIC.CFG_VALOR (ID,LISTA,CODIGO,NOMBRE,DESCRIPCION,ORDEN,ESTADO,CREADOR,CREACION) values (13,3,'M','Carné militar','Carné de identificacian militar',8,'I',1,SYSDATE);
INSERT INTO SIIC.CFG_VALOR (ID,LISTA,CODIGO,NOMBRE,DESCRIPCION,ORDEN,ESTADO,CREADOR,CREACION) VALUES (14,3,'N','RUC antiguo','RUC antiguo de 8 posiciones',9,'I',1,SYSDATE);
INSERT INTO SIIC.CFG_VALOR (ID,LISTA,CODIGO,NOMBRE,DESCRIPCION,ORDEN,ESTADO,CREADOR,CREACION) VALUES (15,3,'X','DOC extranjero','DOC extranjero',10,'I',1,SYSDATE);

-- Valores Tipo Telefono
INSERT INTO SIIC.CFG_VALOR (ID,LISTA,CODIGO,NOMBRE,DESCRIPCION,ORDEN,ESTADO,CREADOR,CREACION) values (16,4,'M','CEL MOVISTAR','movistar.pe',0,'A',1,SYSDATE);
INSERT INTO SIIC.CFG_VALOR (ID,LISTA,CODIGO,NOMBRE,DESCRIPCION,ORDEN,ESTADO,CREADOR,CREACION) values (17,4,'C','CEL CLARO','claro.pe',0,'A',1,SYSDATE);
INSERT INTO SIIC.CFG_VALOR (ID,LISTA,CODIGO,NOMBRE,DESCRIPCION,ORDEN,ESTADO,CREADOR,CREACION) values (18,4,'H','HOGAR','Número de telefono de casa',1,'A',1,SYSDATE);
INSERT INTO SIIC.CFG_VALOR (ID,LISTA,CODIGO,NOMBRE,DESCRIPCION,ORDEN,ESTADO,CREADOR,CREACION) values (19,4,'O','OFICINA','Número de telefono de oficina',2,'A',1,SYSDATE);

-- Valores Tipo Canal
INSERT INTO SIIC.CFG_VALOR (ID,LISTA,CODIGO,NOMBRE,DESCRIPCION,ORDEN,ESTADO,CREADOR,CREACION) values (20,5,'CTEL','Canal telefónico','A través de telefonos o celulares',1,'A',1,SYSDATE);
INSERT INTO SIIC.CFG_VALOR (ID,LISTA,CODIGO,NOMBRE,DESCRIPCION,ORDEN,ESTADO,CREADOR,CREACION) values (21,5,'PRES','Presencial','A través de visita directa en persona a la División',2,'A',1,SYSDATE);
INSERT INTO SIIC.CFG_VALOR (ID,LISTA,CODIGO,NOMBRE,DESCRIPCION,ORDEN,ESTADO,CREADOR,CREACION) values (22,5,'MAIL','Correo electrónico','A través de un mensaje de correo electrónico',3,'A',1,SYSDATE);
INSERT INTO SIIC.CFG_VALOR (ID,LISTA,CODIGO,NOMBRE,DESCRIPCION,ORDEN,ESTADO,CREADOR,CREACION) values (23,5,'PWEB','Pagina Web','A través de la pagina Web de la Dirincri',4,'A',1,SYSDATE);
INSERT INTO SIIC.CFG_VALOR (ID,LISTA,CODIGO,NOMBRE,DESCRIPCION,ORDEN,ESTADO,CREADOR,CREACION) values (24,5,'REDS','Redes sociales','A través de alguna red social (Facebook, Twitter)',5,'A',1,SYSDATE);
INSERT INTO SIIC.CFG_VALOR (ID,LISTA,CODIGO,NOMBRE,DESCRIPCION,ORDEN,ESTADO,CREADOR,CREACION) values (25,5,'MESA','Mesa de partes','A través de mesa de partes del banco',7,'A',1,SYSDATE);

--Listado de Tipos de Documentos Adjuntos
INSERT into SIIC.CFG_VALOR (ID,LISTA,CODIGO,NOMBRE,DESCRIPCION,ORDEN,ESTADO,CREADOR,CREACION) values (26,6,'COP_DNI','Copia DNI','Copia DNI',1,'A',1,SYSDATE);
INSERT into SIIC.CFG_VALOR (ID,LISTA,CODIGO,NOMBRE,DESCRIPCION,ORDEN,ESTADO,CREADOR,CREACION) values (27,6,'DOC_DEN','Documento del Denunciante','Documento del Denunciante',2,'A',1,SYSDATE);
INSERT into SIIC.CFG_VALOR (ID,LISTA,CODIGO,NOMBRE,DESCRIPCION,ORDEN,ESTADO,CREADOR,CREACION) values (928,6,'DEN_COM','Denuncia de la Comisaría','Denuncia de la Comisaría',3,'A',1,SYSDATE);
INSERT into SIIC.CFG_VALOR (ID,LISTA,CODIGO,NOMBRE,DESCRIPCION,ORDEN,ESTADO,CREADOR,CREACION) values (929,6,'COP_POL','Copia Póliza','Copia Póliza',4,'A',1,SYSDATE);
INSERT into SIIC.CFG_VALOR (ID,LISTA,CODIGO,NOMBRE,DESCRIPCION,ORDEN,ESTADO,CREADOR,CREACION) values (930,6,'COP_VOU','Copia Voucher','Copia Voucher',5,'A',1,SYSDATE);
INSERT into SIIC.CFG_VALOR (ID,LISTA,CODIGO,NOMBRE,DESCRIPCION,ORDEN,ESTADO,CREADOR,CREACION) values (931,6,'COP_SOL','Solicitud Copia','Solicitud Copia',6,'A',1,SYSDATE);
INSERT into SIIC.CFG_VALOR (ID,LISTA,CODIGO,NOMBRE,DESCRIPCION,ORDEN,ESTADO,CREADOR,CREACION) values (932,6,'COP_DEN','Constancia de la Denuncia','Constancia de la Denuncia',7,'I',1,SYSDATE);
INSERT into SIIC.CFG_VALOR (ID,LISTA,CODIGO,NOMBRE,DESCRIPCION,ORDEN,ESTADO,CREADOR,CREACION) values (933,6,'OTR_DOC','Otros documentos','Otros Documentos',8,'A',1,SYSDATE);

--Monedas
INSERT INTO SIIC.CFG_VALOR (ID,LISTA,CODIGO,NOMBRE,DESCRIPCION,ORDEN,ESTADO,CREADOR,CREACION) values (28,7,'PEN','PEN','Nuevo sol',1,'A',1,SYSDATE);
INSERT INTO SIIC.CFG_VALOR (ID,LISTA,CODIGO,NOMBRE,DESCRIPCION,ORDEN,ESTADO,CREADOR,CREACION) values (29,7,'USD','USD','Dólar estadounidense',2,'A',1,SYSDATE);
INSERT INTO SIIC.CFG_VALOR (ID,LISTA,CODIGO,NOMBRE,DESCRIPCION,ORDEN,ESTADO,CREADOR,CREACION) values (30,7,'EUR','EUR','Euro',3,'A',1,SYSDATE);

--Tablas Relacionadas
INSERT INTO SIIC.CFG_VALOR (ID,LISTA,CODIGO,NOMBRE,DESCRIPCION,ORDEN,ESTADO,CREADOR,CREACION) values (31,8,'DEPENDENCIA','EXP_DEPENDENCIA','DEPENDECIAS POLICIALES',1,'A',1,SYSDATE);
INSERT INTO SIIC.CFG_VALOR (ID,LISTA,CODIGO,NOMBRE,DESCRIPCION,ORDEN,ESTADO,CREADOR,CREACION) values (32,8,'ENTIDAD','EXP_ENTIDAD','ENTIDADES VARIOS',2,'A',1,SYSDATE);
INSERT INTO SIIC.CFG_VALOR (ID,LISTA,CODIGO,NOMBRE,DESCRIPCION,ORDEN,ESTADO,CREADOR,CREACION) values (1022,8,'EQUIPO','EXP_EQUIPO','EQUIPO TABLA',3,'A',1,SYSDATE);

--Entidades 
INSERT INTO SIIC.CFG_VALOR (ID,LISTA,CODIGO,NOMBRE,DESCRIPCION,ORDEN,ESTADO,CREADOR,CREACION) values (33,9,'JUZG','Juzgado','Juzgados',1,'A',1,SYSDATE);
INSERT INTO SIIC.CFG_VALOR (ID,LISTA,CODIGO,NOMBRE,DESCRIPCION,ORDEN,ESTADO,CREADOR,CREACION) values (34,9,'FISC','Fiscalía','Fiscalias',2,'A',1,SYSDATE);
INSERT INTO SIIC.CFG_VALOR (ID,LISTA,CODIGO,NOMBRE,DESCRIPCION,ORDEN,ESTADO,CREADOR,CREACION) values (35,9,'COMI','Comisaría','Comisarias',3,'A',1,SYSDATE);
INSERT INTO SIIC.CFG_VALOR (ID,LISTA,CODIGO,NOMBRE,DESCRIPCION,ORDEN,ESTADO,CREADOR,CREACION) values (789,9,'DIRE','Directa','Comisarias',4,'A',1,SYSDATE);
INSERT INTO SIIC.CFG_VALOR (ID,LISTA,CODIGO,NOMBRE,DESCRIPCION,ORDEN,ESTADO,CREADOR,CREACION) VALUES (830,9,'PENIT','Penitenciaría','Establecimiento Penitenciario',5,'A',1,SYSDATE);

--Estado Civil
INSERT INTO SIIC.CFG_VALOR (ID,LISTA,CODIGO,NOMBRE,DESCRIPCION,ORDEN,ESTADO,CREADOR,CREACION) values (36,10,'ECS','Soltero','Soletro',1,'A',1,SYSDATE);
INSERT INTO SIIC.CFG_VALOR (ID,LISTA,CODIGO,NOMBRE,DESCRIPCION,ORDEN,ESTADO,CREADOR,CREACION) values (37,10,'ECC','Casado','Casado',2,'A',1,SYSDATE);
INSERT INTO SIIC.CFG_VALOR (ID,LISTA,CODIGO,NOMBRE,DESCRIPCION,ORDEN,ESTADO,CREADOR,CREACION) values (38,10,'ECD','Divorciado','Divorciado',3,'A',1,SYSDATE);
INSERT INTO SIIC.CFG_VALOR (ID,LISTA,CODIGO,NOMBRE,DESCRIPCION,ORDEN,ESTADO,CREADOR,CREACION) values (39,10,'ECV','Viudo','Viudo',4,'A',1,SYSDATE);

--Tipo de Participación
INSERT INTO SIIC.CFG_VALOR (ID,LISTA,CODIGO,NOMBRE,DESCRIPCION,ORDEN,ESTADO,CREADOR,CREACION) values (149,12,'DE','Denunciante','Denunciante',1,'A',1,SYSDATE);
INSERT INTO SIIC.CFG_VALOR (ID,LISTA,CODIGO,NOMBRE,DESCRIPCION,ORDEN,ESTADO,CREADOR,CREACION) values (150,12,'PA','Presuento Autor','Presuento Autor',2,'A',1,SYSDATE);

--Situación del Delito
INSERT INTO SIIC.CFG_VALOR (ID,LISTA,CODIGO,NOMBRE,DESCRIPCION,ORDEN,ESTADO,CREADOR,CREACION) values (151,13,'CIT','Citado','Citado',1,'A',1,SYSDATE);
INSERT INTO SIIC.CFG_VALOR (ID,LISTA,CODIGO,NOMBRE,DESCRIPCION,ORDEN,ESTADO,CREADOR,CREACION) values (152,13,'NHA','No Habido','No Habido',2,'A',1,SYSDATE);
INSERT INTO SIIC.CFG_VALOR (ID,LISTA,CODIGO,NOMBRE,DESCRIPCION,ORDEN,ESTADO,CREADOR,CREACION) values (153,13,'DET','Detenido','Detenido',3,'A',1,SYSDATE);

--Codigo Procesal Penal
INSERT INTO SIIC.CFG_VALOR (ID,LISTA,CODIGO,NOMBRE,DESCRIPCION,ORDEN,ESTADO,CREADOR,CREACION) values (154,14,'COD01','Codigo Penal 1950','Codigo Procesal Penal 1950',1,'A',1,SYSDATE);
INSERT INTO SIIC.CFG_VALOR (ID,LISTA,CODIGO,NOMBRE,DESCRIPCION,ORDEN,ESTADO,CREADOR,CREACION) values (155,14,'COD02','Codigo Penal 2012','Codigo Procesal Penal 2012',2,'A',1,SYSDATE);

--Tipo de drogas
INSERT INTO SIIC.CFG_VALOR (ID,LISTA,CODIGO,NOMBRE,DESCRIPCION,ORDEN,ESTADO,CREADOR,CREACION) VALUES (157, 15,'Coc', 'Cocaina','Estimulante',1,'A', 1,SYSDATE);
INSERT INTO SIIC.CFG_VALOR (ID,LISTA,CODIGO,NOMBRE,DESCRIPCION,ORDEN,ESTADO,CREADOR,CREACION) VALUES (158, 15,'Amp', 'Anfetaminas','Estimulante Extasis',2,'A', 1,SYSDATE);
INSERT INTO SIIC.CFG_VALOR (ID,LISTA,CODIGO,NOMBRE,DESCRIPCION,ORDEN,ESTADO,CREADOR,CREACION) VALUES (159, 15,'Thc', 'Marihuana','Alucinogenos',3,'A', 1,SYSDATE);
INSERT INTO SIIC.CFG_VALOR (ID,LISTA,CODIGO,NOMBRE,DESCRIPCION,ORDEN,ESTADO,CREADOR,CREACION) VALUES (160, 15,'Mdma', 'Methylenedioxymetanfetamina','Estimulante',4,'A', 1,SYSDATE);
INSERT INTO SIIC.CFG_VALOR (ID,LISTA,CODIGO,NOMBRE,DESCRIPCION,ORDEN,ESTADO,CREADOR,CREACION) VALUES (161, 15,'Met', 'Metanfetaminas','Estimulante',5,'A', 1,SYSDATE);
INSERT INTO SIIC.CFG_VALOR (ID,LISTA,CODIGO,NOMBRE,DESCRIPCION,ORDEN,ESTADO,CREADOR,CREACION) VALUES (162, 15,'Opi', 'Opiaceos','Depresivo',6,'A', 1,SYSDATE);
INSERT INTO SIIC.CFG_VALOR (ID,LISTA,CODIGO,NOMBRE,DESCRIPCION,ORDEN,ESTADO,CREADOR,CREACION) VALUES (163, 15,'Pcp', 'Fenciclidina ','Alucinogenos ',7,'A', 1,SYSDATE);
INSERT INTO SIIC.CFG_VALOR (ID,LISTA,CODIGO,NOMBRE,DESCRIPCION,ORDEN,ESTADO,CREADOR,CREACION) values (164, 15,'Iht', 'Inhalantes','Inhalantes',8,'A', 1,SYSDATE);

--Tipos de Agrupación
INSERT INTO SIIC.CFG_VALOR (ID,LISTA,CODIGO,NOMBRE,DESCRIPCION,ORDEN,ESTADO,CREADOR,CREACION) values (739,19,'EQP','Equipo','Equipos Forman parte de los Departamentos',1,'A',1,SYSDATE);
INSERT INTO SIIC.CFG_VALOR (ID,LISTA,CODIGO,NOMBRE,DESCRIPCION,ORDEN,ESTADO,CREADOR,CREACION) values (740,19,'GRP','Grupo','Grupos de Trabajo formados por los Equipos',2,'A',1,SYSDATE);

--Tipos de Vehiculos
INSERT INTO SIIC.CFG_VALOR (ID,LISTA,CODIGO,NOMBRE,DESCRIPCION,ORDEN,ESTADO,CREADOR,CREACION) values (741,20,'DEP','Deportivo','Vehiculos Deportivos',1,'A',1,SYSDATE);
INSERT INTO SIIC.CFG_VALOR (ID,LISTA,CODIGO,NOMBRE,DESCRIPCION,ORDEN,ESTADO,CREADOR,CREACION) values (742,20,'SED','Sedan','Vehiculo Sedan',2,'A',1,SYSDATE);
INSERT INTO SIIC.CFG_VALOR (ID,LISTA,CODIGO,NOMBRE,DESCRIPCION,ORDEN,ESTADO,CREADOR,CREACION) values (743,20,'HAS','Hatchback','Vehiculo Hatchback',3,'A',1,SYSDATE);
INSERT INTO SIIC.CFG_VALOR (ID,LISTA,CODIGO,NOMBRE,DESCRIPCION,ORDEN,ESTADO,CREADOR,CREACION) values (744,20,'BUS','Buses','Buses',4,'A',1,SYSDATE);
INSERT INTO SIIC.CFG_VALOR (ID,LISTA,CODIGO,NOMBRE,DESCRIPCION,ORDEN,ESTADO,CREADOR,CREACION) values (745,20,'CAM','Camiones','Camiones',5,'A',1,SYSDATE);
INSERT INTO SIIC.CFG_VALOR (ID,LISTA,CODIGO,NOMBRE,DESCRIPCION,ORDEN,ESTADO,CREADOR,CREACION) values (746,20,'VAN','Vans','Vans',6,'A',1,SYSDATE);
INSERT INTO SIIC.CFG_VALOR (ID,LISTA,CODIGO,NOMBRE,DESCRIPCION,ORDEN,ESTADO,CREADOR,CREACION) values (747,20,'PIC','Pick Up','Pick Up',7,'A',1,SYSDATE);
INSERT INTO SIIC.CFG_VALOR (ID,LISTA,CODIGO,NOMBRE,DESCRIPCION,ORDEN,ESTADO,CREADOR,CREACION) values (748,20,'SUV','Camionetas Suv','Camionetas Suv',8,'A',1,SYSDATE);
INSERT INTO SIIC.CFG_VALOR (ID,LISTA,CODIGO,NOMBRE,DESCRIPCION,ORDEN,ESTADO,CREADOR,CREACION) values (749,20,'WAG','Station Wagon','Station Wagon',9,'A',1,SYSDATE); 
 
--Transmision 
INSERT INTO SIIC.CFG_VALOR (ID,LISTA,CODIGO,NOMBRE,DESCRIPCION,ORDEN,ESTADO,CREADOR,CREACION) values (750,21,'AUT','Automática','Automática',1,'A',1,SYSDATE);
INSERT INTO SIIC.CFG_VALOR (ID,LISTA,CODIGO,NOMBRE,DESCRIPCION,ORDEN,ESTADO,CREADOR,CREACION) values (751,21,'MEC','Mecánica','Mecánica',2,'A',1,SYSDATE);
INSERT INTO SIIC.CFG_VALOR (ID,LISTA,CODIGO,NOMBRE,DESCRIPCION,ORDEN,ESTADO,CREADOR,CREACION) values (752,21,'SEC','Secuencial','Secuencial',3,'A',1,SYSDATE);
INSERT INTO SIIC.CFG_VALOR (ID,LISTA,CODIGO,NOMBRE,DESCRIPCION,ORDEN,ESTADO,CREADOR,CREACION) values (753,21,'TIP','Tiptronic','Tiptronic',4,'A',1,SYSDATE);
INSERT INTO SIIC.CFG_VALOR (ID,LISTA,CODIGO,NOMBRE,DESCRIPCION,ORDEN,ESTADO,CREADOR,CREACION) values (754,21,'MEZ','Mecánica ZF','Mecánica ZF',5,'A',1,SYSDATE);
 
--Cilindraje
INSERT INTO SIIC.CFG_VALOR (ID,LISTA,CODIGO,NOMBRE,DESCRIPCION,ORDEN,ESTADO,CREADOR,CREACION) values (755,22,'2CI','2 Cilindros','2 Cilindros',1,'A',1,SYSDATE);
INSERT INTO SIIC.CFG_VALOR (ID,LISTA,CODIGO,NOMBRE,DESCRIPCION,ORDEN,ESTADO,CREADOR,CREACION) values (756,22,'4CI','4 Cilindros','4 Cilindros',2,'A',1,SYSDATE);
INSERT INTO SIIC.CFG_VALOR (ID,LISTA,CODIGO,NOMBRE,DESCRIPCION,ORDEN,ESTADO,CREADOR,CREACION) values (757,22,'6CI','6 Cilindros','6 Cilindros',3,'A',1,SYSDATE);
INSERT INTO SIIC.CFG_VALOR (ID,LISTA,CODIGO,NOMBRE,DESCRIPCION,ORDEN,ESTADO,CREADOR,CREACION) values (758,22,'8CI','8 Cilindros','8 Cilindros',4,'A',1,SYSDATE);
 
--Estado de Especies
INSERT INTO SIIC.CFG_VALOR (ID,LISTA,CODIGO,NOMBRE,DESCRIPCION,ORDEN,ESTADO,CREADOR,CREACION) values (759,23,'BUE','Bueno','Estado Bueno',1,'A',1,SYSDATE);
INSERT INTO SIIC.CFG_VALOR (ID,LISTA,CODIGO,NOMBRE,DESCRIPCION,ORDEN,ESTADO,CREADOR,CREACION) values (760,23,'MAL','Malo','Estado Malo',2,'A',1,SYSDATE);

--Movil del Delito
INSERT INTO SIIC.CFG_VALOR (ID,LISTA,CODIGO,NOMBRE,DESCRIPCION,ORDEN,ESTADO,CREADOR,CREACION) VALUES (761,24,'ROA','DCP- ROBO AGRAVADO','DCP- ROBO AGRAVADO',1,'A',1,SYSDATE);
INSERT INTO SIIC.CFG_VALOR (ID,LISTA,CODIGO,NOMBRE,DESCRIPCION,ORDEN,ESTADO,CREADOR,CREACION) VALUES (762,24,'TID','DCSP - TID','DCSP - TID',2,'A',1,SYSDATE);
INSERT INTO SIIC.CFG_VALOR (ID,LISTA,CODIGO,NOMBRE,DESCRIPCION,ORDEN,ESTADO,CREADOR,CREACION) VALUES (763,24,'SEC','DCLP - SECUESTRO','DCLP - SECUESTRO',3,'A',1,SYSDATE);
INSERT INTO SIIC.CFG_VALOR (ID,LISTA,CODIGO,NOMBRE,DESCRIPCION,ORDEN,ESTADO,CREADOR,CREACION) VALUES (764,24,'VIO','DCL -VIOLACION DE LA LIBERTAD SEXUAL','DCL -VIOLACION DE LA LIBERTAD SEXUAL',4,'A',1,SYSDATE);
INSERT INTO SIIC.CFG_VALOR (ID,LISTA,CODIGO,NOMBRE,DESCRIPCION,ORDEN,ESTADO,CREADOR,CREACION) VALUES (765,24,'PLA','POR PLACER','POR PLACER',5,'A',1,SYSDATE);
INSERT INTO SIIC.CFG_VALOR (ID,LISTA,CODIGO,NOMBRE,DESCRIPCION,ORDEN,ESTADO,CREADOR,CREACION) VALUES (766,24,'LUC','POR LUCRO','POR LUCRO',6,'A',1,SYSDATE);
INSERT INTO SIIC.CFG_VALOR (ID,LISTA,CODIGO,NOMBRE,DESCRIPCION,ORDEN,ESTADO,CREADOR,CREACION) VALUES (767,24,'FER','POR FEROCIDAD','POR FEROCIDAD',7,'A',1,SYSDATE);
INSERT INTO SIIC.CFG_VALOR (ID,LISTA,CODIGO,NOMBRE,DESCRIPCION,ORDEN,ESTADO,CREADOR,CREACION) VALUES (768,24,'OCU','PARA FACILITAR U OCULTAR OTRO DELITO','PARA FACILITAR U OCULTAR OTRO DELITO',8,'A',1,SYSDATE);
INSERT INTO SIIC.CFG_VALOR (ID,LISTA,CODIGO,NOMBRE,DESCRIPCION,ORDEN,ESTADO,CREADOR,CREACION) VALUES (769,24,'CRU','CON GRAN CRUELDAD Y ALEVOSIA','CON GRAN CRUELDAD Y ALEVOSIA',9,'A',1,SYSDATE);
INSERT INTO SIIC.CFG_VALOR (ID,LISTA,CODIGO,NOMBRE,DESCRIPCION,ORDEN,ESTADO,CREADOR,CREACION) VALUES (770,24,'VEN','POR VENGANZA','POR VENGANZA',10,'A',1,SYSDATE);
INSERT INTO SIIC.CFG_VALOR (ID,LISTA,CODIGO,NOMBRE,DESCRIPCION,ORDEN,ESTADO,CREADOR,CREACION) VALUES (771,24,'CUP','POR COBRO DE CUPOS (CONSTRUCCION CIVIL)','POR COBRO DE CUPOS (CONSTRUCCION CIVIL)',11,'A',1,SYSDATE);
INSERT INTO SIIC.CFG_VALOR (ID,LISTA,CODIGO,NOMBRE,DESCRIPCION,ORDEN,ESTADO,CREADOR,CREACION) VALUES (772,24,'EXT','EXTORSION','EXTORSION',12,'A',1,SYSDATE);
INSERT INTO SIIC.CFG_VALOR (ID,LISTA,CODIGO,NOMBRE,DESCRIPCION,ORDEN,ESTADO,CREADOR,CREACION) VALUES (773,24,'COA','COACCION','COACCION',13,'A',1,SYSDATE);
INSERT INTO SIIC.CFG_VALOR (ID,LISTA,CODIGO,NOMBRE,DESCRIPCION,ORDEN,ESTADO,CREADOR,CREACION) VALUES (774,24,'CEL','CELOS','CELOS',14,'A',1,SYSDATE);
INSERT INTO SIIC.CFG_VALOR (ID,LISTA,CODIGO,NOMBRE,DESCRIPCION,ORDEN,ESTADO,CREADOR,CREACION) VALUES (775,24,'FAM','VIOLENCIA FAMILIAR','VIOLENCIA FAMILIAR',15,'A',1,SYSDATE);
INSERT INTO SIIC.CFG_VALOR (ID,LISTA,CODIGO,NOMBRE,DESCRIPCION,ORDEN,ESTADO,CREADOR,CREACION) VALUES (776,24,'OTR','OTRO','OTRO',16,'A',1,SYSDATE);
INSERT INTO SIIC.CFG_VALOR (ID,LISTA,CODIGO,NOMBRE,DESCRIPCION,ORDEN,ESTADO,CREADOR,CREACION) VALUES (777,24,'INV','EN INVESTIGACION','EN INVESTIGACION',17,'A',1,SYSDATE);
INSERT INTO SIIC.CFG_VALOR (ID,LISTA,CODIGO,NOMBRE,DESCRIPCION,ORDEN,ESTADO,CREADOR,CREACION) VALUES (778,24,'PAN','PANDILLAJE PERNICIOSO','PANDILLAJE PERNICIOSO',18,'A',1,SYSDATE);

--Medios Utilizados
INSERT INTO SIIC.CFG_VALOR (ID,LISTA,CODIGO,NOMBRE,DESCRIPCION,ORDEN,ESTADO,CREADOR,CREACION) VALUES (779,25,'ARMF','ARMA DE FUEGO','ARMA DE FUEGO',1,'A',1,SYSDATE);
INSERT INTO SIIC.CFG_VALOR (ID,LISTA,CODIGO,NOMBRE,DESCRIPCION,ORDEN,ESTADO,CREADOR,CREACION) VALUES (780,25,'ARMB','ARMA BLANCA','ARMA BLANCA',2,'A',1,SYSDATE);
INSERT INTO SIIC.CFG_VALOR (ID,LISTA,CODIGO,NOMBRE,DESCRIPCION,ORDEN,ESTADO,CREADOR,CREACION) VALUES (781,25,'OBJC','OBJETO CONTUNDENTE','OBJETO CONTUNDENTE',3,'A',1,SYSDATE);
INSERT INTO SIIC.CFG_VALOR (ID,LISTA,CODIGO,NOMBRE,DESCRIPCION,ORDEN,ESTADO,CREADOR,CREACION) VALUES (782,25,'FUEG','FUEGO DIRECTO','FUEGO DIRECTO',4,'A',1,SYSDATE);
INSERT INTO SIIC.CFG_VALOR (ID,LISTA,CODIGO,NOMBRE,DESCRIPCION,ORDEN,ESTADO,CREADOR,CREACION) VALUES (783,25,'TOXI','SUSTANCIA TOXICA ','SUSTANCIA TOXICA ',5,'A',1,SYSDATE);
INSERT INTO SIIC.CFG_VALOR (ID,LISTA,CODIGO,NOMBRE,DESCRIPCION,ORDEN,ESTADO,CREADOR,CREACION) VALUES (784,25,'OTRO','OTRO TIPO','OTRO TIPO',6,'A',1,SYSDATE);
INSERT INTO SIIC.CFG_VALOR (ID,LISTA,CODIGO,NOMBRE,DESCRIPCION,ORDEN,ESTADO,CREADOR,CREACION) VALUES (785,25,'AGUA','AGUA','AGUA',8,'A',1,SYSDATE);
INSERT INTO SIIC.CFG_VALOR (ID,LISTA,CODIGO,NOMBRE,DESCRIPCION,ORDEN,ESTADO,CREADOR,CREACION) VALUES (786,25,'DESC','SE DESCONOCE','SE DESCONOCE',9,'A',1,SYSDATE);

--Prioridad de los Delitos
INSERT INTO SIIC.CFG_VALOR (ID,LISTA,CODIGO,NOMBRE,DESCRIPCION,ORDEN,ESTADO,CREADOR,CREACION) VALUES (787,26,'PRINC','Principal','Principal',1,'A',1,SYSDATE);
INSERT INTO SIIC.CFG_VALOR (ID,LISTA,CODIGO,NOMBRE,DESCRIPCION,ORDEN,ESTADO,CREADOR,CREACION) VALUES (788,26,'SECUN','Secundario','Secundario',2,'A',1,SYSDATE);

-- Siglas de Documento
INSERT INTO SIIC.CFG_VALOR (ID,LISTA,CODIGO,NOMBRE,DESCRIPCION,ORDEN,ESTADO,CREADOR,CREACION) VALUES (807,27,'DIRINCRI','DIRINCRI','DIRECCION DE INVESTIGACION CRIMINAL',1,'A',1,SYSDATE);
INSERT INTO SIIC.CFG_VALOR (ID,LISTA,CODIGO,NOMBRE,DESCRIPCION,ORDEN,ESTADO,CREADOR,CREACION) VALUES (808,27,'EM','DIRINCRI-EM','DIRINCRI - ESTADO MAYOR',2,'A',1,SYSDATE);
INSERT INTO SIIC.CFG_VALOR (ID,LISTA,CODIGO,NOMBRE,DESCRIPCION,ORDEN,ESTADO,CREADOR,CREACION) VALUES (809,27,'IN','DIRINCRI-IN','DIRINCRI - OFICINA DE INTELIGENCIA',3,'A',1,SYSDATE);
INSERT INTO SIIC.CFG_VALOR (ID,LISTA,CODIGO,NOMBRE,DESCRIPCION,ORDEN,ESTADO,CREADOR,CREACION) VALUES (810,27,'OFITEL','DIRINCRI-OFITEL','DIRINCRI - OFICINA DE TELEMATICA',4,'A',1,SYSDATE);
INSERT INTO SIIC.CFG_VALOR (ID,LISTA,CODIGO,NOMBRE,DESCRIPCION,ORDEN,ESTADO,CREADOR,CREACION) VALUES (811,27,'OFICRI','DIRINCRI-OFICRI','DIRINCRI - OFICINA DE CRIMINALISTICA',5,'A',1,SYSDATE);
INSERT INTO SIIC.CFG_VALOR (ID,LISTA,CODIGO,NOMBRE,DESCRIPCION,ORDEN,ESTADO,CREADOR,CREACION) VALUES (812,27,'DIVINHOM','DIRINCRI-DIVINHOM','DIRINCRI - DIVISION DE INVEST. DE HOMICIDIOS',6,'A',1,SYSDATE);
INSERT INTO SIIC.CFG_VALOR (ID,LISTA,CODIGO,NOMBRE,DESCRIPCION,ORDEN,ESTADO,CREADOR,CREACION) VALUES (813,27,'DIVINSEC','DIRINCRI-DIVINSEC','DIRINCRI - DIVISION DE INVEST. DE SECUESTROS',7,'A',1,SYSDATE);
INSERT INTO SIIC.CFG_VALOR (ID,LISTA,CODIGO,NOMBRE,DESCRIPCION,ORDEN,ESTADO,CREADOR,CREACION) VALUES (814,27,'DIVINROB','DIRINCRI-DIVINROB','DIRINCRI - DIVISION DE INVEST. DE ROBOS',8,'A',1,SYSDATE);
INSERT INTO SIIC.CFG_VALOR (ID,LISTA,CODIGO,NOMBRE,DESCRIPCION,ORDEN,ESTADO,CREADOR,CREACION) VALUES (815,27,'DIVIEOD','DIRINCRI-DIVIEOD','DIRINCRI - DIVISION DE INVEST. DE ESTAFAS Y OTRAS DEFRAUDACIONES',9,'A',1,SYSDATE);
INSERT INTO SIIC.CFG_VALOR (ID,LISTA,CODIGO,NOMBRE,DESCRIPCION,ORDEN,ESTADO,CREADOR,CREACION) VALUES (816,27,'DIVIBPD','DIRINCRI-DIVIBPD','DIRINCRI - DIVISION DE INVEST. DE BUSQUEDA DE PERSONAS DESAPARECIDAS',10,'A',1,SYSDATE);
INSERT INTO SIIC.CFG_VALOR (ID,LISTA,CODIGO,NOMBRE,DESCRIPCION,ORDEN,ESTADO,CREADOR,CREACION) VALUES (817,27,'DIPOLJUD','DIRINCRI-DIPOLJUD','DIRINCRI - DIVISION DE POLICIA JUDICIAL',11,'A',1,SYSDATE);
INSERT INTO SIIC.CFG_VALOR (ID,LISTA,CODIGO,NOMBRE,DESCRIPCION,ORDEN,ESTADO,CREADOR,CREACION) VALUES (818,27,'RQ','DIRINCRI-RQ','DIRINCRI - DIVISION DE REQUISITORIAS',12,'A',1,SYSDATE);
INSERT INTO SIIC.CFG_VALOR (ID,LISTA,CODIGO,NOMBRE,DESCRIPCION,ORDEN,ESTADO,CREADOR,CREACION) VALUES (819,27,'DIVIPDDMP','DIRINCRI-DIVIPDDMP','DIRINCRI - DIVISION POLICIAL DE INVEST. DE DEN. DERIVADAS POR EL MIN. PUB.',13,'A',1,SYSDATE);
INSERT INTO SIIC.CFG_VALOR (ID,LISTA,CODIGO,NOMBRE,DESCRIPCION,ORDEN,ESTADO,CREADOR,CREACION) VALUES (820,27,'DIVINDAT','DIRINCRI-DIVINDAT','DIRINCRI - DIVISION DE INVESTIGACION DE DELITOS DE ALTA TECNOLOGIA',14,'A',1,SYSDATE);
INSERT INTO SIIC.CFG_VALOR (ID,LISTA,CODIGO,NOMBRE,DESCRIPCION,ORDEN,ESTADO,CREADOR,CREACION) VALUES (821,27,'DIVINTRAP','DIRINCRI-DIVINTRAP','DIRINCRI - DIVISION DE INVESTIGACION DE DELITOS CONTRA LA TRATA DE PERSONAS ',15,'A',1,SYSDATE);
INSERT INTO SIIC.CFG_VALOR (ID,LISTA,CODIGO,NOMBRE,DESCRIPCION,ORDEN,ESTADO,CREADOR,CREACION) VALUES (822,27,'DIVINCRI','DIRINCRI-DIVINCRI','DIRINCRI - JEFATURA DE AREA DE INVESTIGACION CRIMINAL',16,'A',1,SYSDATE);
INSERT INTO SIIC.CFG_VALOR (ID,LISTA,CODIGO,NOMBRE,DESCRIPCION,ORDEN,ESTADO,CREADOR,CREACION) VALUES (823,27,'DIVINCRI ESTE','DIRINCRI-DIVINCRI ESTE','DIRINCRI-DIVINCRI ESTE',17,'A',1,SYSDATE);
INSERT INTO SIIC.CFG_VALOR (ID,LISTA,CODIGO,NOMBRE,DESCRIPCION,ORDEN,ESTADO,CREADOR,CREACION) VALUES (824,27,'DIVINCRI CENTRO','DIRINCRI-DIVINCRI CENTRO','DIRINCRI-DIVINCRI CENTRO',18,'A',1,SYSDATE);
INSERT INTO SIIC.CFG_VALOR (ID,LISTA,CODIGO,NOMBRE,DESCRIPCION,ORDEN,ESTADO,CREADOR,CREACION) VALUES (825,27,'DIVINCRI SUR','DIRINCRI-DIVINCRI SUR','DIRINCRI-DIVINCRI SUR',19,'A',1,SYSDATE);
INSERT INTO SIIC.CFG_VALOR (ID,LISTA,CODIGO,NOMBRE,DESCRIPCION,ORDEN,ESTADO,CREADOR,CREACION) VALUES (826,27,'DIVINCRI NORTE','DIRINCRI-DIVINCRI NORTE','DIRINCRI-DIVINCRI NORTE',20,'A',1,SYSDATE);
INSERT INTO SIIC.CFG_VALOR (ID,LISTA,CODIGO,NOMBRE,DESCRIPCION,ORDEN,ESTADO,CREADOR,CREACION) VALUES (827,27,'DIVINCRI CALLAO','DIRINCRI-DIVINCRI CALLAO','DIRINCRI-DIVINCRI CALLAO',21,'A',1,SYSDATE);
INSERT INTO SIIC.CFG_VALOR (ID,LISTA,CODIGO,NOMBRE,DESCRIPCION,ORDEN,ESTADO,CREADOR,CREACION) VALUES (828,27,'DIROVE','DIROVE','DIROVE- DIVISION DE INVEST. DE ROBOS DE VEHICULOS',22,'A',1,SYSDATE);
INSERT INTO SIIC.CFG_VALOR (ID,LISTA,CODIGO,NOMBRE,DESCRIPCION,ORDEN,ESTADO,CREADOR,CREACION) VALUES (829,27,'DIVILA','DIRINCRI-DIVILA','DIRECCION DE INVESTIGACION DE LAVADO DE ACTIVOS',23,'A',1,SYSDATE);

--Tipo de investigacion
INSERT INTO SIIC.CFG_VALOR (ID,LISTA,CODIGO,NOMBRE,DESCRIPCION,ORDEN,ESTADO,CREADOR,CREACION) VALUES (794,28,'INVE','INVESTIGACION','INVESTIGACION',1,'A',1,SYSDATE);
INSERT INTO SIIC.CFG_VALOR (ID,LISTA,CODIGO,NOMBRE,DESCRIPCION,ORDEN,ESTADO,CREADOR,CREACION) VALUES (795,28,'AMPL','AMPLIACION DE INVESTIGACION','AMPLIACION DE INVESTIGACION',2,'A',1,SYSDATE);

--Tipos de Documentos del Expediente
INSERT INTO SIIC.CFG_VALOR (ID,LISTA,CODIGO,NOMBRE,DESCRIPCION,ORDEN,ESTADO,CREADOR,CREACION) VALUES (796,29,'AEP','AEP','AEP',1,'A',1,SYSDATE);
INSERT INTO SIIC.CFG_VALOR (ID,LISTA,CODIGO,NOMBRE,DESCRIPCION,ORDEN,ESTADO,CREADOR,CREACION) VALUES (797,29,'CITA','CITACION','CITACION',2,'A',1,SYSDATE);
INSERT INTO SIIC.CFG_VALOR (ID,LISTA,CODIGO,NOMBRE,DESCRIPCION,ORDEN,ESTADO,CREADOR,CREACION) VALUES (798,29,'DECR','DECRETO','DECRETO',3,'A',1,SYSDATE);
INSERT INTO SIIC.CFG_VALOR (ID,LISTA,CODIGO,NOMBRE,DESCRIPCION,ORDEN,ESTADO,CREADOR,CREACION) VALUES (799,29,'DEVO','DEVOLUCION','DEVOLUCION',4,'A',1,SYSDATE);
INSERT INTO SIIC.CFG_VALOR (ID,LISTA,CODIGO,NOMBRE,DESCRIPCION,ORDEN,ESTADO,CREADOR,CREACION) VALUES (800,29,'ELVE','ELEVACION','ELEVACION',5,'A',1,SYSDATE);
INSERT INTO SIIC.CFG_VALOR (ID,LISTA,CODIGO,NOMBRE,DESCRIPCION,ORDEN,ESTADO,CREADOR,CREACION) VALUES (801,29,'ESCR','ESCRITO','ESCRITO',6,'A',1,SYSDATE);
INSERT INTO SIIC.CFG_VALOR (ID,LISTA,CODIGO,NOMBRE,DESCRIPCION,ORDEN,ESTADO,CREADOR,CREACION) VALUES (802,29,'GUIA','GUIA DE DESTINO','GUIA DE DESTINO',7,'A',1,SYSDATE);
INSERT INTO SIIC.CFG_VALOR (ID,LISTA,CODIGO,NOMBRE,DESCRIPCION,ORDEN,ESTADO,CREADOR,CREACION) VALUES (803,29,'MEMO','MEMORANDUM','MEMORANDUM',8,'A',1,SYSDATE);
INSERT INTO SIIC.CFG_VALOR (ID,LISTA,CODIGO,NOMBRE,DESCRIPCION,ORDEN,ESTADO,CREADOR,CREACION) VALUES (804,29,'OFIC','OFICIO','OFICIO',9,'A',1,SYSDATE);
INSERT INTO SIIC.CFG_VALOR (ID,LISTA,CODIGO,NOMBRE,DESCRIPCION,ORDEN,ESTADO,CREADOR,CREACION) VALUES (805,29,'ATES','ATESTADO','ATESTADO',10,'A',1,SYSDATE);
INSERT INTO SIIC.CFG_VALOR (ID,LISTA,CODIGO,NOMBRE,DESCRIPCION,ORDEN,ESTADO,CREADOR,CREACION) VALUES (806,29,'SOLI','SOLICITUD','SOLICITUD',11,'A',1,SYSDATE);

--Situacion Vehiculos
INSERT INTO SIIC.CFG_VALOR (ID,LISTA,CODIGO,NOMBRE,DESCRIPCION,ORDEN,ESTADO,CREADOR,CREACION) values (896,31,'INC','Vehiculo Incautado','Vehiculo Incautado',1,'A',1,SYSDATE);
INSERT INTO SIIC.CFG_VALOR (ID,LISTA,CODIGO,NOMBRE,DESCRIPCION,ORDEN,ESTADO,CREADOR,CREACION) values (897,31,'REQ','Vehiculo Requisitoriado','Vehiculo Requisitoriado',2,'A',1,SYSDATE);

--Listado de Colores
INSERT INTO SIIC.CFG_VALOR (ID,LISTA,CODIGO,NOMBRE,DESCRIPCION,ORDEN,ESTADO,CREADOR,CREACION) VALUES (898,32,'Agua','Aguamarina','Aguamarina',1,'A',1,SYSDATE);
INSERT INTO SIIC.CFG_VALOR (ID,LISTA,CODIGO,NOMBRE,DESCRIPCION,ORDEN,ESTADO,CREADOR,CREACION) VALUES (899,32,'Amar','Amarillo','Amarillo',2,'A',1,SYSDATE);
INSERT INTO SIIC.CFG_VALOR (ID,LISTA,CODIGO,NOMBRE,DESCRIPCION,ORDEN,ESTADO,CREADOR,CREACION) VALUES (900,32,'Azul','Azul ','Azul ',3,'A',1,SYSDATE);
INSERT INTO SIIC.CFG_VALOR (ID,LISTA,CODIGO,NOMBRE,DESCRIPCION,ORDEN,ESTADO,CREADOR,CREACION) VALUES (901,32,'Beig','Beige','Beige',4,'A',1,SYSDATE);
INSERT INTO SIIC.CFG_VALOR (ID,LISTA,CODIGO,NOMBRE,DESCRIPCION,ORDEN,ESTADO,CREADOR,CREACION) VALUES (902,32,'Bisq','Bisque','Bisque',5,'A',1,SYSDATE);
INSERT INTO SIIC.CFG_VALOR (ID,LISTA,CODIGO,NOMBRE,DESCRIPCION,ORDEN,ESTADO,CREADOR,CREACION) VALUES (903,32,'Blan','Blanco','Blanco',6,'A',1,SYSDATE);
INSERT INTO SIIC.CFG_VALOR (ID,LISTA,CODIGO,NOMBRE,DESCRIPCION,ORDEN,ESTADO,CREADOR,CREACION) VALUES (904,32,'Burl','Burlywood','Burlywood',8,'A',1,SYSDATE);
INSERT INTO SIIC.CFG_VALOR (ID,LISTA,CODIGO,NOMBRE,DESCRIPCION,ORDEN,ESTADO,CREADOR,CREACION) VALUES (905,32,'Caqu','Caqui','Caqui',9,'A',1,SYSDATE);
INSERT INTO SIIC.CFG_VALOR (ID,LISTA,CODIGO,NOMBRE,DESCRIPCION,ORDEN,ESTADO,CREADOR,CREACION) VALUES (906,32,'Cast','Castaño','Castaño',10,'A',1,SYSDATE);
INSERT INTO SIIC.CFG_VALOR (ID,LISTA,CODIGO,NOMBRE,DESCRIPCION,ORDEN,ESTADO,CREADOR,CREACION) VALUES (907,32,'Cele','Celeste','Celeste',11,'A',1,SYSDATE);
INSERT INTO SIIC.CFG_VALOR (ID,LISTA,CODIGO,NOMBRE,DESCRIPCION,ORDEN,ESTADO,CREADOR,CREACION) VALUES (908,32,'Choc','Chocolate','Chocolate',12,'A',1,SYSDATE);
INSERT INTO SIIC.CFG_VALOR (ID,LISTA,CODIGO,NOMBRE,DESCRIPCION,ORDEN,ESTADO,CREADOR,CREACION) VALUES (909,32,'Cian','Cian','Cian',13,'A',1,SYSDATE);
INSERT INTO SIIC.CFG_VALOR (ID,LISTA,CODIGO,NOMBRE,DESCRIPCION,ORDEN,ESTADO,CREADOR,CREACION) VALUES (910,32,'Cora','Coral','Coral',14,'A',1,SYSDATE);
INSERT INTO SIIC.CFG_VALOR (ID,LISTA,CODIGO,NOMBRE,DESCRIPCION,ORDEN,ESTADO,CREADOR,CREACION) VALUES (911,32,'Crem','Crema','Crema',15,'A',1,SYSDATE);
INSERT INTO SIIC.CFG_VALOR (ID,LISTA,CODIGO,NOMBRE,DESCRIPCION,ORDEN,ESTADO,CREADOR,CREACION) VALUES (912,32,'Gris1','Gris Claro','Gris Claro',16,'A',1,SYSDATE);
INSERT INTO SIIC.CFG_VALOR (ID,LISTA,CODIGO,NOMBRE,DESCRIPCION,ORDEN,ESTADO,CREADOR,CREACION) VALUES (913,32,'Gris2','Gris Oscuro','Gris Oscuro',17,'A',1,SYSDATE);
INSERT INTO SIIC.CFG_VALOR (ID,LISTA,CODIGO,NOMBRE,DESCRIPCION,ORDEN,ESTADO,CREADOR,CREACION) VALUES (914,32,'Guin','Guinda','Guinda',18,'A',1,SYSDATE);
INSERT INTO SIIC.CFG_VALOR (ID,LISTA,CODIGO,NOMBRE,DESCRIPCION,ORDEN,ESTADO,CREADOR,CREACION) VALUES (915,32,'Mage','Magenta','Magenta',19,'A',1,SYSDATE);
INSERT INTO SIIC.CFG_VALOR (ID,LISTA,CODIGO,NOMBRE,DESCRIPCION,ORDEN,ESTADO,CREADOR,CREACION) VALUES (916,32,'Marf','Marfil','Marfil',20,'A',1,SYSDATE);
INSERT INTO SIIC.CFG_VALOR (ID,LISTA,CODIGO,NOMBRE,DESCRIPCION,ORDEN,ESTADO,CREADOR,CREACION) VALUES (917,32,'Marr','Marron','Marron',21,'A',1,SYSDATE);
INSERT INTO SIIC.CFG_VALOR (ID,LISTA,CODIGO,NOMBRE,DESCRIPCION,ORDEN,ESTADO,CREADOR,CREACION) VALUES (918,32,'Nara','Naranja ','Naranja ',22,'A',1,SYSDATE);
INSERT INTO SIIC.CFG_VALOR (ID,LISTA,CODIGO,NOMBRE,DESCRIPCION,ORDEN,ESTADO,CREADOR,CREACION) VALUES (919,32,'Negr','Negro','Negro',23,'A',1,SYSDATE);
INSERT INTO SIIC.CFG_VALOR (ID,LISTA,CODIGO,NOMBRE,DESCRIPCION,ORDEN,ESTADO,CREADOR,CREACION) VALUES (920,32,'Púrp','Púrpura','Púrpura',24,'A',1,SYSDATE);
INSERT INTO SIIC.CFG_VALOR (ID,LISTA,CODIGO,NOMBRE,DESCRIPCION,ORDEN,ESTADO,CREADOR,CREACION) VALUES (921,32,'Rojo','Rojo','Rojo',25,'A',1,SYSDATE);
INSERT INTO SIIC.CFG_VALOR (ID,LISTA,CODIGO,NOMBRE,DESCRIPCION,ORDEN,ESTADO,CREADOR,CREACION) VALUES (922,32,'Rosa','Rosado ','Rosado ',26,'A',1,SYSDATE);
INSERT INTO SIIC.CFG_VALOR (ID,LISTA,CODIGO,NOMBRE,DESCRIPCION,ORDEN,ESTADO,CREADOR,CREACION) VALUES (923,32,'Turq','Turquesa','Turquesa',27,'A',1,SYSDATE);
INSERT INTO SIIC.CFG_VALOR (ID,LISTA,CODIGO,NOMBRE,DESCRIPCION,ORDEN,ESTADO,CREADOR,CREACION) VALUES (924,32,'Verd','Verde','Verde',28,'A',1,SYSDATE);
INSERT INTO SIIC.CFG_VALOR (ID,LISTA,CODIGO,NOMBRE,DESCRIPCION,ORDEN,ESTADO,CREADOR,CREACION) VALUES (925,32,'Viol','Violeta','Violeta',29,'A',1,SYSDATE);

--Tipo de Direcciones (Revisar las Direcciones)
INSERT INTO SIIC.CFG_VALOR (ID,LISTA,CODIGO,NOMBRE,DESCRIPCION,ORDEN,ESTADO,CREADOR,CREACION) VALUES (951,33,'VIA','VIA','VIA',1,'A',1,SYSDATE);
INSERT INTO SIIC.CFG_VALOR (ID,LISTA,CODIGO,NOMBRE,DESCRIPCION,ORDEN,ESTADO,CREADOR,CREACION) VALUES (952,33,'ALAMEDA','ALAMEDA','ALAMEDA',2,'A',1,SYSDATE);
INSERT INTO SIIC.CFG_VALOR (ID,LISTA,CODIGO,NOMBRE,DESCRIPCION,ORDEN,ESTADO,CREADOR,CREACION) VALUES (953,33,'AV.','AV.','AV.',3,'A',1,SYSDATE);
INSERT INTO SIIC.CFG_VALOR (ID,LISTA,CODIGO,NOMBRE,DESCRIPCION,ORDEN,ESTADO,CREADOR,CREACION) VALUES (954,33,'CALLE','CALLE','CALLE',4,'A',1,SYSDATE);
INSERT INTO SIIC.CFG_VALOR (ID,LISTA,CODIGO,NOMBRE,DESCRIPCION,ORDEN,ESTADO,CREADOR,CREACION) VALUES (955,33,'CARRETERA','CARRETERA','CARRETERA',5,'A',1,SYSDATE);
--INSERT INTO SIIC.CFG_VALOR (ID,LISTA,CODIGO,NOMBRE,DESCRIPCION,ORDEN,ESTADO,CREADOR,CREACION) VALUES (956,33,'DPTO.','DPTO.','DPTO.',6,'A',1,SYSDATE);
INSERT INTO SIIC.CFG_VALOR (ID,LISTA,CODIGO,NOMBRE,DESCRIPCION,ORDEN,ESTADO,CREADOR,CREACION) VALUES (957,33,'INT.','INT.','INT.',7,'A',1,SYSDATE);
INSERT INTO SIIC.CFG_VALOR (ID,LISTA,CODIGO,NOMBRE,DESCRIPCION,ORDEN,ESTADO,CREADOR,CREACION) VALUES (958,33,'JR.','JR.','JR.',8,'A',1,SYSDATE);
INSERT INTO SIIC.CFG_VALOR (ID,LISTA,CODIGO,NOMBRE,DESCRIPCION,ORDEN,ESTADO,CREADOR,CREACION) VALUES (959,33,'MALECÓN','MALECÓN','MALECÓN',9,'A',1,SYSDATE);
--INSERT INTO SIIC.CFG_VALOR (ID,LISTA,CODIGO,NOMBRE,DESCRIPCION,ORDEN,ESTADO,CREADOR,CREACION) VALUES (960,33,'MZ.','MZ.','MZ.',10,'A',1,SYSDATE);
--REEMPLAZO
INSERT INTO SIIC.CFG_VALOR (ID,LISTA,CODIGO,NOMBRE,DESCRIPCION,ORDEN,ESTADO,CREADOR,CREACION) VALUES (960,33,'SECTOR','SEC.','SEC.',10,'A',1,SYSDATE);

INSERT INTO SIIC.CFG_VALOR (ID,LISTA,CODIGO,NOMBRE,DESCRIPCION,ORDEN,ESTADO,CREADOR,CREACION) VALUES (961,33,'ÓVALO','ÓVALO','ÓVALO',11,'A',1,SYSDATE);
INSERT INTO SIIC.CFG_VALOR (ID,LISTA,CODIGO,NOMBRE,DESCRIPCION,ORDEN,ESTADO,CREADOR,CREACION) VALUES (962,33,'PARQUE','PARQUE','PARQUE',12,'A',1,SYSDATE);
INSERT INTO SIIC.CFG_VALOR (ID,LISTA,CODIGO,NOMBRE,DESCRIPCION,ORDEN,ESTADO,CREADOR,CREACION) VALUES (963,33,'PASAJE','PASAJE','PASAJE',13,'A',1,SYSDATE);
INSERT INTO SIIC.CFG_VALOR (ID,LISTA,CODIGO,NOMBRE,DESCRIPCION,ORDEN,ESTADO,CREADOR,CREACION) VALUES (964,33,'PLAZA','PLAZA','PLAZA',14,'A',1,SYSDATE);
INSERT INTO SIIC.CFG_VALOR (ID,LISTA,CODIGO,NOMBRE,DESCRIPCION,ORDEN,ESTADO,CREADOR,CREACION) VALUES (965,33,'PROLG.','PROLG.','PROLG.',15,'A',1,SYSDATE);
INSERT INTO SIIC.CFG_VALOR (ID,LISTA,CODIGO,NOMBRE,DESCRIPCION,ORDEN,ESTADO,CREADOR,CREACION) VALUES (966,33,'UCV.','UCV.','UCV.',16,'A',1,SYSDATE);

--Tipo de Marcas
INSERT INTO SIIC.CFG_VALOR (ID,LISTA,CODIGO,NOMBRE,DESCRIPCION,ORDEN,ESTADO,CREADOR,CREACION) values (734,18,'VEHI','Transporte','Tipos de Tranporte',1,'A',1,SYSDATE);
INSERT INTO SIIC.CFG_VALOR (ID,LISTA,CODIGO,NOMBRE,DESCRIPCION,ORDEN,ESTADO,CREADOR,CREACION) values (735,18,'ARMA','Armas','Tipos de Armas,',2,'A',1,SYSDATE);
INSERT INTO SIIC.CFG_VALOR (ID,LISTA,CODIGO,NOMBRE,DESCRIPCION,ORDEN,ESTADO,CREADOR,CREACION) values (967,18,'MOVI','Comunicacion','Medios de Comunicacion,',2,'A',1,SYSDATE);

--Tipo de Clasificacion	
INSERT INTO SIIC.CFG_VALOR (ID,LISTA,CODIGO,NOMBRE,DESCRIPCION,ORDEN,ESTADO,CREADOR,CREACION) values (969,34,'CA','Corto Alcance','Corto Alcance',1,'A',1,SYSDATE);
INSERT INTO SIIC.CFG_VALOR (ID,LISTA,CODIGO,NOMBRE,DESCRIPCION,ORDEN,ESTADO,CREADOR,CREACION) values (970,34,'LA','Largo Alcance','Largo Alcance',2,'A',1,SYSDATE);

--Estado de Serie del Arma	
INSERT INTO SIIC.CFG_VALOR (ID,LISTA,CODIGO,NOMBRE,DESCRIPCION,ORDEN,ESTADO,CREADOR,CREACION) values (971,35,'LIM','Limado','Limado',1,'A',1,SYSDATE);
INSERT INTO SIIC.CFG_VALOR (ID,LISTA,CODIGO,NOMBRE,DESCRIPCION,ORDEN,ESTADO,CREADOR,CREACION) values (972,35,'VIS','Serie Visible','Serie Visible',2,'A',1,SYSDATE);

--Numeros de Calibre
INSERT INTO SIIC.CFG_VALOR (ID,LISTA,CODIGO,NOMBRE,DESCRIPCION,ORDEN,ESTADO,CREADOR,CREACION) values (973,36,'CAL38','38','CALIBRE 38',1,'A',1,SYSDATE);
INSERT INTO SIIC.CFG_VALOR (ID,LISTA,CODIGO,NOMBRE,DESCRIPCION,ORDEN,ESTADO,CREADOR,CREACION) values (974,36,'CAL22','22','CALIBRE 22',2,'A',1,SYSDATE);

--Registro de Inmuebles
INSERT INTO EXP_INMUEBLE (ID, CODIGO, DESCRIPCION, DIRECCION, UBICACION, NRO_INSCRIPCION, OFICINA_REGISTRAL, RESOLUCION, VALOR_BIEN, VALOR_TERRENO, OBSERVACIONES, CREADOR, CREACION) VALUES (1,'COD 001', 'ninguna', 'Jr. Monti', 1370,'101','431','RM 0001',500,1000,'ninguna',1,SYSDATE);
INSERT INTO EXP_INMUEBLE (ID, CODIGO, DESCRIPCION, DIRECCION, UBICACION, NRO_INSCRIPCION, OFICINA_REGISTRAL, RESOLUCION, VALOR_BIEN, VALOR_TERRENO, OBSERVACIONES, CREADOR, CREACION) VALUES (2,'COD 002', 'ninguna', 'Av. Arenales', 1371,'102','256','RM 0002',1000,2000,'ninguna',1,SYSDATE);
INSERT INTO EXP_INMUEBLE (ID, CODIGO, DESCRIPCION, DIRECCION, UBICACION, NRO_INSCRIPCION, OFICINA_REGISTRAL, RESOLUCION, VALOR_BIEN, VALOR_TERRENO, OBSERVACIONES, CREADOR, CREACION) VALUES (3,'COD 003', 'ninguna', 'Av. Pezet', 1372,'103','654','RM 0003',1500,3000,'ninguna',1,SYSDATE);
INSERT INTO EXP_INMUEBLE (ID, CODIGO, DESCRIPCION, DIRECCION, UBICACION, NRO_INSCRIPCION, OFICINA_REGISTRAL, RESOLUCION, VALOR_BIEN, VALOR_TERRENO, OBSERVACIONES, CREADOR, CREACION) VALUES (4,'COD 004', 'ninguna', 'Calle los sauces', 1373,'104','987','RM 0004',2000,4000,'ninguna',1,SYSDATE);
INSERT INTO EXP_INMUEBLE (ID, CODIGO, DESCRIPCION, DIRECCION, UBICACION, NRO_INSCRIPCION, OFICINA_REGISTRAL, RESOLUCION, VALOR_BIEN, VALOR_TERRENO, OBSERVACIONES, CREADOR, CREACION) VALUES (5,'COD 005', 'ninguna', 'Av. Alfonso Ugarte', 1374,'105','854','RM 0005',2500,5000,'ninguna',1,SYSDATE);

--Tipos de Funcion
INSERT INTO SIIC.CFG_VALOR (ID,LISTA,CODIGO,NOMBRE,DESCRIPCION,ORDEN,ESTADO,CREADOR,CREACION) values (975,37,'Jefe DPTO','Jefe DPTO','Jefe DPTO',1,'A',1,SYSDATE);
INSERT INTO SIIC.CFG_VALOR (ID,LISTA,CODIGO,NOMBRE,DESCRIPCION,ORDEN,ESTADO,CREADOR,CREACION) values (976,37,'Jefe Equipo','Jefe Equipo','Jefe Equipo',2,'A',1,SYSDATE);
INSERT INTO SIIC.CFG_VALOR (ID,LISTA,CODIGO,NOMBRE,DESCRIPCION,ORDEN,ESTADO,CREADOR,CREACION) values (977,37,'Instructor','Instructor','Instructor',3,'A',1,SYSDATE);
INSERT INTO SIIC.CFG_VALOR (ID,LISTA,CODIGO,NOMBRE,DESCRIPCION,ORDEN,ESTADO,CREADOR,CREACION) values (983,37,'Jefe Division','Jefe Division','Jefe Division',4,'A',1,SYSDATE);

--Unidad de Medida
insert into cfg_valor (id, lista, codigo, nombre, orden, descripcion, estado, creador, creacion) values (978, 38,'TONELADA', 'TONELADA', 1,'TM', 'A', 1,SYSDATE);
insert into cfg_valor (id, lista, codigo, nombre, orden, descripcion, estado, creador, creacion) values (979, 38,'KILOGRAMO', 'KILOGRAMO', 2,'KG', 'A', 1,SYSDATE);
insert into cfg_valor (id, lista, codigo, nombre, orden, descripcion, estado, creador, creacion) values (980, 38,'GRAMO', 'GRAMO', 3,'GR', 'A', 1,SYSDATE);
insert into cfg_valor (id, lista, codigo, nombre, orden, descripcion, estado, creador, creacion) values (981, 38,'MILIGRAMO', 'MILIGRAMO', 4,'MG', 'A', 1,SYSDATE);
insert into cfg_valor (id, lista, codigo, nombre, orden, descripcion, estado, creador, creacion) values (982, 38,'UNIDAD', 'UNIDAD', 5,'MG', 'A', 1,SYSDATE);

--Medios Utilizados
insert into cfg_valor (id, lista, codigo, nombre, orden, descripcion, estado, creador, creacion) values (987, 39,'AF', 'ARMA DE FUEGO', 1,'ARMA DE FUEGO', 'A', 1,SYSDATE);
insert into cfg_valor (id, lista, codigo, nombre, orden, descripcion, estado, creador, creacion) values (988, 39,'AB', 'ARMA BLANCA', 2,'ARMA BLANCA', 'A', 1,SYSDATE);
insert into cfg_valor (id, lista, codigo, nombre, orden, descripcion, estado, creador, creacion) values (989, 39,'OC', 'OBJETO CONTUNDENTE', 3,'OBJETO CONTUNDENTE', 'A', 1,SYSDATE);
insert into cfg_valor (id, lista, codigo, nombre, orden, descripcion, estado, creador, creacion) values (990, 39,'EC', 'ELEMENTO CONSTRICTOR', 4,'ELEMENTO CONSTRICTOR', 'A', 1,SYSDATE);
insert into cfg_valor (id, lista, codigo, nombre, orden, descripcion, estado, creador, creacion) values (991, 39,'ST', 'SUSTANCIA TOXICA ', 5,'SUSTANCIA TOXICA ', 'A', 1,SYSDATE);
insert into cfg_valor (id, lista, codigo, nombre, orden, descripcion, estado, creador, creacion) values (992, 39,'FD', 'FUEGO DIRECTO', 6,'FUEGO DIRECTO', 'A', 1,SYSDATE);
insert into cfg_valor (id, lista, codigo, nombre, orden, descripcion, estado, creador, creacion) values (993, 39,'A', 'AGUA', 7,'AGUA', 'A', 1,SYSDATE);
insert into cfg_valor (id, lista, codigo, nombre, orden, descripcion, estado, creador, creacion) values (994, 39,'O', 'OTRO TIPO', 8,'OTRO TIPO', 'A', 1,SYSDATE);
insert into cfg_valor (id, lista, codigo, nombre, orden, descripcion, estado, creador, creacion) values (995, 39,'SD', 'SE DESCONOCE', 9,'SE DESCONOCE', 'A', 1,SYSDATE);
insert into cfg_valor (id, lista, codigo, nombre, orden, descripcion, estado, creador, creacion) values (996, 39,'PA', 'PASTILLAS ABORTIVAS', 10,'PASTILLAS ABORTIVAS', 'A', 1,SYSDATE);

---Movil
insert into cfg_valor (id, lista, codigo, nombre, orden, descripcion, estado, creador, creacion) values (997, 40,'DCP', 'DCP- ROBO AGRAVADO', 1,' DCP- ROBO AGRAVADO', 'A', 1,SYSDATE);
insert into cfg_valor (id, lista, codigo, nombre, orden, descripcion, estado, creador, creacion) values (998, 40,'DCSP ', 'DCSP - TID', 2,'DCSP - TID', 'A', 1,SYSDATE);
insert into cfg_valor (id, lista, codigo, nombre, orden, descripcion, estado, creador, creacion) values (999, 40,'DCLP', 'DCLP - SECUESTRO', 3,'DCLP - SECUESTRO', 'A', 1,SYSDATE);
insert into cfg_valor (id, lista, codigo, nombre, orden, descripcion, estado, creador, creacion) values (1000, 40,'DCL ', 'DCL -VIOLACION DE LA LIBERTAD SEXUAL', 4,'DCL -VIOLACION DE LA LIBERTAD SEXUAL', 'A', 1,SYSDATE);
insert into cfg_valor (id, lista, codigo, nombre, orden, descripcion, estado, creador, creacion) values (1001, 40,'PP', 'POR PLACER', 5,'POR PLACER', 'A', 1,SYSDATE);
insert into cfg_valor (id, lista, codigo, nombre, orden, descripcion, estado, creador, creacion) values (1002, 40,'PL', 'POR LUCRO', 6,'POR LUCRO', 'A', 1,SYSDATE);
insert into cfg_valor (id, lista, codigo, nombre, orden, descripcion, estado, creador, creacion) values (1003, 40,'PF', 'POR FEROCIDAD', 7,'POR FEROCIDAD', 'A', 1,SYSDATE);
insert into cfg_valor (id, lista, codigo, nombre, orden, descripcion, estado, creador, creacion) values (1004, 40,'FOOD', 'PARA FACILITAR U OCULTAR OTRO DELITO', 8,'PARA FACILITAR U OCULTAR OTRO DELITO', 'A', 1,SYSDATE);
insert into cfg_valor (id, lista, codigo, nombre, orden, descripcion, estado, creador, creacion) values (1005, 40,'CGCA', 'CON GRAN CRUELDAD Y ALEVOSIA', 9,'CON GRAN CRUELDAD Y ALEVOSIA', 'A', 1,SYSDATE);
insert into cfg_valor (id, lista, codigo, nombre, orden, descripcion, estado, creador, creacion) values (1006, 40,'PV', 'POR VENGANZA ', 10,'POR VENGANZA ', 'A', 1,SYSDATE);
insert into cfg_valor (id, lista, codigo, nombre, orden, descripcion, estado, creador, creacion) values (1007, 40,'PCC', 'POR COBRO DE CUPOS', 11,'POR COBRO DE CUPOS', 'A', 1,SYSDATE);
insert into cfg_valor (id, lista, codigo, nombre, orden, descripcion, estado, creador, creacion) values (1008, 40,'EXT', 'EXTORSION ', 12,'EXTORSION ', 'A', 1,SYSDATE);
insert into cfg_valor (id, lista, codigo, nombre, orden, descripcion, estado, creador, creacion) values (1009, 40,'COA', 'COACCION', 13,'COACCION', 'A', 1,SYSDATE);
insert into cfg_valor (id, lista, codigo, nombre, orden, descripcion, estado, creador, creacion) values (1010, 40,'CELOS', 'CELOS ', 14,'CELOS ', 'A', 1,SYSDATE);
insert into cfg_valor (id, lista, codigo, nombre, orden, descripcion, estado, creador, creacion) values (1011, 40,'VF', 'VIOLENCIA FAMILIAR ', 15,'VIOLENCIA FAMILIAR ', 'A', 1,SYSDATE);
insert into cfg_valor (id, lista, codigo, nombre, orden, descripcion, estado, creador, creacion) values (1012, 40,'OTRO', 'OTRO', 16,'OTRO', 'A', 1,SYSDATE);
insert into cfg_valor (id, lista, codigo, nombre, orden, descripcion, estado, creador, creacion) values (1013, 40,'EI', 'EN INVESTIGACION ', 17,'EN INVESTIGACION ', 'A', 1,SYSDATE);
insert into cfg_valor (id, lista, codigo, nombre, orden, descripcion, estado, creador, creacion) values (1014, 40,'PANDILLAJE P', 'PANDILLAJE PERNICIOSO', 18,'PANDILLAJE PERNICIOSO', 'A', 1,SYSDATE);
insert into cfg_valor (id, lista, codigo, nombre, orden, descripcion, estado, creador, creacion) values (1015, 40,'ND', 'NO DETERMINADO DURANTE LA INVESTIGACION POLICIAL', 19,'NO DETERMINADO DURANTE LA INVESTIGACION POLICIAL', 'A', 1,SYSDATE);
insert into cfg_valor (id, lista, codigo, nombre, orden, descripcion, estado, creador, creacion) values (1016, 40,'NE', 'NECESIDAD ECONOMICA (SOLO CASOS DE ABORTOS)', 20,'NECESIDAD ECONOMICA (SOLO CASOS DE ABORTOS)', 'A', 1,SYSDATE);
insert into cfg_valor (id, lista, codigo, nombre, orden, descripcion, estado, creador, creacion) values (1017, 40,'DEPRESION', 'DEPRESION (SUICIDIO)', 21,'DEPRESION (SUICIDIO)', 'A', 1,SYSDATE);
insert into cfg_valor (id, lista, codigo, nombre, orden, descripcion, estado, creador, creacion) values (1018, 40,'TT', 'TRAFICO DE TIERRA', 22,'TRAFICO DE TIERRA', 'A', 1,SYSDATE);

---Prioridad
insert into cfg_valor (id, lista, codigo, nombre, orden, descripcion, estado, creador, creacion) values (1019, 41,'NOR', 'NORMAL', 1,' NORMAL', 'A', 1,SYSDATE);
insert into cfg_valor (id, lista, codigo, nombre, orden, descripcion, estado, creador, creacion) values (1020, 41,'URG ', 'URGENTE', 2,'URGENTE', 'A', 1,SYSDATE);
insert into cfg_valor (id, lista, codigo, nombre, orden, descripcion, estado, creador, creacion) values (1021, 41,'MURG', 'MUY URGENTE', 3,'MUY URGENTE', 'A', 1,SYSDATE);

---Estado de Asignacion
INSERT INTO CFG_VALOR (ID, LISTA, CODIGO, NOMBRE, ORDEN, DESCRIPCION, ESTADO, CREADOR, CREACION) VALUES (984, 42,'P', 'PENDIENTE', 1,'PENDIENTE', 'A', 1,SYSDATE);
INSERT INTO CFG_VALOR (ID, LISTA, CODIGO, NOMBRE, ORDEN, DESCRIPCION, ESTADO, CREADOR, CREACION) VALUES (985, 42,'A', 'ATENDIDO', 2,'ATENDIDO', 'A', 1,SYSDATE);
INSERT INTO CFG_VALOR (ID, LISTA, CODIGO, NOMBRE, ORDEN, DESCRIPCION, ESTADO, CREADOR, CREACION) VALUES (986, 42,'AR', 'ARCHIVADO', 3,'ARCHIVADO', 'A', 1,SYSDATE);

---Orientación Sexual
INSERT INTO CFG_VALOR (ID, LISTA, CODIGO, NOMBRE, ORDEN, DESCRIPCION, ESTADO, CREADOR, CREACION) VALUES (1023, 43,'HE', 'HETEROSEXUAL', 1,'HETEROSEXUAL', 'A', 1,SYSDATE);
INSERT INTO CFG_VALOR (ID, LISTA, CODIGO, NOMBRE, ORDEN, DESCRIPCION, ESTADO, CREADOR, CREACION) VALUES (1024, 43,'HO', 'HOMOSEXUAL', 2,'HOMOSEXUAL', 'A', 1,SYSDATE);
INSERT INTO CFG_VALOR (ID, LISTA, CODIGO, NOMBRE, ORDEN, DESCRIPCION, ESTADO, CREADOR, CREACION) VALUES (1025, 43,'BI', 'BISEXUAL', 3,'BISEXUAL', 'A', 1,SYSDATE);

---Nivel de la Dependencia
INSERT INTO CFG_VALOR (ID, LISTA, CODIGO, NOMBRE, ORDEN, DESCRIPCION, ESTADO, CREADOR, CREACION) VALUES (1026, 44,'DIR', 'DIRECCION', 1,'DIRECCION', 'A', 1,SYSDATE);
insert into cfg_valor (id, lista, codigo, nombre, orden, descripcion, estado, creador, creacion) values (1027, 44,'DIV', 'DIVISION', 2,'DIVISION', 'A', 1,sysdate);
INSERT INTO CFG_VALOR (ID, LISTA, CODIGO, NOMBRE, ORDEN, DESCRIPCION, ESTADO, CREADOR, CREACION) VALUES (1028, 44,'DEP', 'DEPARTAMENTO', 3,'DEPARTAMENTO', 'A', 1,SYSDATE);
