--Usuarios
INSERT INTO SIETID.SEG_USUARIO (ID, NOMBRES, APE_PAT, APE_MAT, USUARIO, CLAVE, CARGO, DESC_CARGO) VALUES (1, 'Merlyn', 'Enriquez', 'Ordoñez', 'menriquez', '1f40fc92da241694750979ee6cf582f2d5d7d28e18335de05abc54d0560e0f5302860c652bf08d560252aa5e74210546f369fbbbce8c12cfc7957b2652fe9a75', 'Admimistrador', 'Administrador del Sistema');
INSERT INTO SIETID.SEG_USUARIO (ID, NOMBRES, APE_PAT, APE_MAT, USUARIO, CLAVE, CARGO, DESC_CARGO) VALUES (2, 'Elvis', 'Campos', 'Mori', 'ecampos', '1f40fc92da241694750979ee6cf582f2d5d7d28e18335de05abc54d0560e0f5302860c652bf08d560252aa5e74210546f369fbbbce8c12cfc7957b2652fe9a75', 'Admimistrador', 'Administrador del Sistema');

--Preferencias de la Bandeja
INSERT INTO SIETID.SEG_PREFERENCIA (ID,USUARIO,TABLA,COLUMNA,ANCHO,COLAPSO) values ('1','1','requerimiento','ans|id|autogenerado|dependencia|tipoFinalidad|equipo|asunto|fechaRegistro|diasAtencion|estado|lugarHecho|horaHecho|direccionHecho|jurisdiccion|','60|60|100|100|100|100|100|100|100|100|100|100|100|100|','0|0|0|0|1|0|1|0|0|1|0|0|1|0|');

--Listas
INSERT INTO SIETID.CFG_LISTA (ID,CODIGO,NOMBRE,DESCRIPCION,ESTADO,CREADOR,CREACION) VALUES (1,'REGISTRO_ESTADO','Estado de registro','Estado de registro','A',1,SYSDATE);
INSERT INTO SIETID.CFG_LISTA (ID,CODIGO,NOMBRE,DESCRIPCION,ESTADO,CREADOR,CREACION) VALUES (2,'OPCION_TIPO','Tipo de opción','Tipo de opción','A',1,SYSDATE);
INSERT INTO SIETID.CFG_LISTA (ID,CODIGO,NOMBRE,DESCRIPCION,ESTADO,CREADOR,CREACION) VALUES (3,'DOCUMENTO_TIPO','Tipo de DOC','Tipo de documento de identidad','A',1,SYSDATE);
INSERT INTO SIETID.CFG_LISTA (ID,CODIGO,NOMBRE,DESCRIPCION,ESTADO,CREADOR,CREACION) VALUES (4,'TELEFONO_TIPO','Tipo de teléfono','Tipo de telefono','A',1,SYSDATE);
INSERT INTO SIETID.CFG_LISTA (ID,CODIGO,NOMBRE,DESCRIPCION,ESTADO,CREADOR,CREACION) VALUES (5,'ADJUNTO_TIPO','Tipo de adjunto','Tipo de adjunto','A',1,SYSDATE);
INSERT INTO SIETID.CFG_LISTA (ID,CODIGO,NOMBRE,DESCRIPCION,ESTADO,CREADOR,CREACION) VALUES (6,'MONEDA','Tipo de Moneda','Tipo de Moneda','A',1,SYSDATE);
INSERT INTO SIETID.CFG_LISTA (ID,CODIGO,NOMBRE,DESCRIPCION,ESTADO,CREADOR,CREACION) VALUES (7,'TABLAS','Tipo de Tablas Ruta','Tipo de Tablas Ruta','A',1,SYSDATE);
INSERT INTO SIETID.CFG_LISTA (ID,CODIGO,NOMBRE,DESCRIPCION,ESTADO,CREADOR,CREACION) VALUES (8,'ENTIDAD_TIPO','Tipo de Entidad','Tipo de Entidad','A',1,SYSDATE);
INSERT INTO SIETID.CFG_LISTA (ID,CODIGO,NOMBRE,DESCRIPCION,ESTADO,CREADOR,CREACION) values (9,'SIGLAS_DOC','Sigla del Documento por Dependencia','Sigla del Documento','A',1,SYSDATE);
INSERT INTO SIETID.CFG_LISTA (ID,CODIGO,NOMBRE,DESCRIPCION,ESTADO,CREADOR,CREACION) values (10,'ESTADO_CIVIL','Tipo de Estado Civil','Tipo de Estado Civil','A',1,SYSDATE);
INSERT INTO SIETID.CFG_LISTA (ID,CODIGO,NOMBRE,DESCRIPCION,ESTADO,CREADOR,CREACION) values (11,'CONTINENTE','Tipos de Continentes','Continentes a nivel geográfico','A',1,SYSDATE);

INSERT INTO SIETID.CFG_LISTA (ID,CODIGO,NOMBRE,DESCRIPCION,ESTADO,CREADOR,CREACION) values (12,'TIPO_CEJA','Tipos de Cejas','Tipos de cejas','A',1,SYSDATE);
INSERT INTO SIETID.CFG_LISTA (ID,CODIGO,NOMBRE,DESCRIPCION,ESTADO,CREADOR,CREACION) values (13,'TIPO_OREJA','Tipos de Orejas','Tipos de Orejas','A',1,SYSDATE);
INSERT INTO SIETID.CFG_LISTA (ID,CODIGO,NOMBRE,DESCRIPCION,ESTADO,CREADOR,CREACION) values (14,'COLOR_PIEL','Colores de Piel','Colores de Piel','A',1,SYSDATE);
INSERT INTO SIETID.CFG_LISTA (ID,CODIGO,NOMBRE,DESCRIPCION,ESTADO,CREADOR,CREACION) values (15,'CONTEXTURA','Tipos de Contextura','Tipos de Contextura','A',1,SYSDATE);
INSERT INTO SIETID.CFG_LISTA (ID,CODIGO,NOMBRE,DESCRIPCION,ESTADO,CREADOR,CREACION) values (16,'TIPO_CABELLO','Tipos de Cabellos','Tipos de Cabello','A',1,SYSDATE);
INSERT INTO SIETID.CFG_LISTA (ID,CODIGO,NOMBRE,DESCRIPCION,ESTADO,CREADOR,CREACION) values (17,'TIPO_RAZA','Tipos de Raza','Tipos de Raza','A',1,SYSDATE);
INSERT INTO SIETID.CFG_LISTA (ID,CODIGO,NOMBRE,DESCRIPCION,ESTADO,CREADOR,CREACION) values (18,'COLOR_CABELLO','Colores de Cabellos','Colores de Cabellos','A',1,SYSDATE);
INSERT INTO SIETID.CFG_LISTA (ID,CODIGO,NOMBRE,DESCRIPCION,ESTADO,CREADOR,CREACION) values (19,'CORTE_CABELLO','Cortes de Cabello','Cortes de Cabello','A',1,SYSDATE);
INSERT INTO SIETID.CFG_LISTA (ID,CODIGO,NOMBRE,DESCRIPCION,ESTADO,CREADOR,CREACION) values (20,'TIPO_OJO','Tipos de Ojos','Tipos de ojos','A',1,SYSDATE);
INSERT INTO SIETID.CFG_LISTA (ID,CODIGO,NOMBRE,DESCRIPCION,ESTADO,CREADOR,CREACION) values (21,'COLOR_OJO','Colores de Ojos','Colores de Ojos','A',1,SYSDATE);
INSERT INTO SIETID.CFG_LISTA (ID,CODIGO,NOMBRE,DESCRIPCION,ESTADO,CREADOR,CREACION) values (22,'TIPO_NARIZ','Tipos de Nariz','Tipos de Nariz','A',1,SYSDATE);
INSERT INTO SIETID.CFG_LISTA (ID,CODIGO,NOMBRE,DESCRIPCION,ESTADO,CREADOR,CREACION) values (23,'FORMA_CARA','Formas de Cara','Forma de Cara','A',1,SYSDATE);
INSERT INTO SIETID.CFG_LISTA (ID,CODIGO,NOMBRE,DESCRIPCION,ESTADO,CREADOR,CREACION) values (24,'TIPO_LABIO','Tipos de Labio','Tipos de Labio','A',1,SYSDATE);
INSERT INTO SIETID.CFG_LISTA (ID,CODIGO,NOMBRE,DESCRIPCION,ESTADO,CREADOR,CREACION) values (25,'FORMA_BOCA','Formas de Boca','Formas de Boca','A',1,SYSDATE);
INSERT INTO SIETID.CFG_LISTA (ID,CODIGO,NOMBRE,DESCRIPCION,ESTADO,CREADOR,CREACION) values (26,'PROFESION','Profesiones','Profesiones','A',1,SYSDATE);

INSERT INTO SIETID.CFG_LISTA (ID,CODIGO,NOMBRE,DESCRIPCION,ESTADO,CREADOR,CREACION) values (27,'PARENTESCO','Parentesco','Tipos de Parentescos','A',1,SYSDATE);
INSERT INTO SIETID.CFG_LISTA (ID,CODIGO,NOMBRE,DESCRIPCION,ESTADO,CREADOR,CREACION) VALUES (28,'GRADO','Lista de Grados','Lista de Grados','A',1,SYSDATE);
INSERT INTO SIETID.CFG_LISTA (ID,CODIGO,NOMBRE,DESCRIPCION,ESTADO,CREADOR,CREACION) VALUES (29,'UNIDAD','Lista de Unidades','Lista de Unidades','A',1,SYSDATE);
INSERT INTO SIETID.CFG_LISTA (ID,CODIGO,NOMBRE,DESCRIPCION,ESTADO,CREADOR,CREACION) VALUES (30,'CARGO','Lista de Cargos','Lista de Cargos','A',1,SYSDATE);
INSERT INTO SIETID.CFG_LISTA (ID,CODIGO,NOMBRE,DESCRIPCION,ESTADO,CREADOR,CREACION) VALUES (31,'TIPO_LETRADO','Lista de Tipo de Letrado','Lista de Tipo de Letrado','A',1,SYSDATE);
INSERT INTO SIETID.CFG_LISTA (ID,CODIGO,NOMBRE,DESCRIPCION,ESTADO,CREADOR,CREACION) values (32,'PRIORIDAD','Prioridad','Lista de Prioridad','A',1,SYSDATE);
INSERT INTO SIETID.CFG_LISTA (ID,CODIGO,NOMBRE,DESCRIPCION,ESTADO,CREADOR,CREACION) values (33,'FINALIDAD','Finalidad','Lista de Finalidades','A',1,SYSDATE);
INSERT INTO SIETID.CFG_LISTA (ID,CODIGO,NOMBRE,DESCRIPCION,ESTADO,CREADOR,CREACION) values (34,'CUENCA','Cuenca','Lista de Cuencas','A',1,SYSDATE);
INSERT INTO SIETID.CFG_LISTA (ID,CODIGO,NOMBRE,DESCRIPCION,ESTADO,CREADOR,CREACION) values (35,'TIPO_INTER','Tipo Interviniente','Tipos de Intervinientes','A',1,SYSDATE);
INSERT INTO SIETID.CFG_LISTA (ID,CODIGO,NOMBRE,DESCRIPCION,ESTADO,CREADOR,CREACION) values (36,'AGRUPACION_TIPO','Tipo de Agrupación','Tipo de Agrupación','A',1,SYSDATE);
INSERT INTO SIETID.CFG_LISTA (ID,CODIGO,NOMBRE,DESCRIPCION,ESTADO,CREADOR,CREACION) values (37,'DIRECCION_TIPO','Tipo de Dirección','Tipo de Dirección','A',1,SYSDATE);
INSERT INTO SIETID.CFG_LISTA (ID,CODIGO,NOMBRE,DESCRIPCION,ESTADO,CREADOR,CREACION) values (38,'TIPO_HECHO','Tipo de Hecho','Tipo de Hecho','A',1,SYSDATE);
INSERT INTO SIETID.CFG_LISTA (ID,CODIGO,NOMBRE,DESCRIPCION,ESTADO,CREADOR,CREACION) values (39,'MARCAS_TIPO','Tipos de Marcas','Tipos de Marcas y Modelos','A',1,SYSDATE);

INSERT INTO SIETID.CFG_LISTA (ID,CODIGO,NOMBRE,DESCRIPCION,ESTADO,CREADOR,CREACION) values (40,'TIPO_FUNCION','Tipos de Funcion','Tipos de Funcion','A',1,SYSDATE);
INSERT INTO SIETID.CFG_LISTA (ID,CODIGO,NOMBRE,DESCRIPCION,ESTADO,CREADOR,CREACION) values (41,'CODIGO_PROCESAL','Tipo de Codigo Procesal','Tipo de Codigo Procesal','A',1,SYSDATE);
INSERT INTO SIETID.CFG_LISTA (ID,CODIGO,NOMBRE,DESCRIPCION,ESTADO,CREADOR,CREACION) values (42,'CP_CATEGORIA','Categorias de Centros Poblados','Categorias de Centros Poblados','A',1,SYSDATE);
INSERT INTO SIETID.CFG_LISTA (ID,CODIGO,NOMBRE,DESCRIPCION,ESTADO,CREADOR,CREACION) values (43,'TIPO_CALIBRE','Tipos de Calibres','Tipos de Calibres','A',1,SYSDATE);

INSERT INTO SIETID.CFG_LISTA (ID,CODIGO,NOMBRE,DESCRIPCION,ESTADO,CREADOR,CREACION) VALUES (44,'TABLA_SITUACION','Tipo de Tablas para su situacion','Tipo de Tablas para la Situacion','A',1,SYSDATE);
INSERT INTO SIETID.CFG_LISTA (ID,CODIGO,NOMBRE,DESCRIPCION,ESTADO,CREADOR,CREACION) VALUES (45,'TP_INSTALACION','Tipo de Instalacion','Tipo de Instalacion','A',1,SYSDATE);
INSERT INTO SIETID.CFG_LISTA (ID,CODIGO,NOMBRE,DESCRIPCION,ESTADO,CREADOR,CREACION) values (46,'CP_ESTADO','Estado de Centro Poblado','Estado del acceso al centro poblado','A',1,SYSDATE);
INSERT INTO SIETID.CFG_LISTA (ID,CODIGO,NOMBRE,DESCRIPCION,ESTADO,CREADOR,CREACION) values (47,'SITUACION_GRL','Situaciones generales','Situaciones generales para todo el sistema','A',1,SYSDATE);

INSERT INTO SIETID.CFG_LISTA (ID,CODIGO,NOMBRE,DESCRIPCION,ESTADO,CREADOR,CREACION) VALUES (48,'DOCUMENTO_EXP','Tipos de Documentos de los tramites','Tipos de Tramites','A',1,SYSDATE);
INSERT INTO SIETID.CFG_LISTA (ID,CODIGO,NOMBRE,DESCRIPCION,ESTADO,CREADOR,CREACION) VALUES (49,'PRIORIDAD_DEL','Prioridad de los Delitos','Prioridad de los Delitos','A',1,SYSDATE);
INSERT INTO SIETID.CFG_LISTA (ID,CODIGO,NOMBRE,DESCRIPCION,ESTADO,CREADOR,CREACION) VALUES (50,'PARTICIPACION','Tipo de Participación','Tipo de Participación','A',1,SYSDATE);
INSERT INTO SIETID.CFG_LISTA (ID,CODIGO,NOMBRE,DESCRIPCION,ESTADO,CREADOR,CREACION) VALUES (51,'ORIENT_SEX_PER','Orientacion Sexual','Orientacion sexual de la persona','A',1,SYSDATE);


--Valores
INSERT INTO SIETID.CFG_VALOR (ID,LISTA,CODIGO,NOMBRE,DESCRIPCION,ORDEN,ESTADO,CREADOR,CREACION) VALUES (1,1,'A','Activo','Activo',1,'A',1,SYSDATE);
INSERT INTO SIETID.CFG_VALOR (ID,LISTA,CODIGO,NOMBRE,DESCRIPCION,ORDEN,ESTADO,CREADOR,CREACION) VALUES (2,1,'I','Inactivo','Inactivo',2,'A',1,SYSDATE);

-- Valores Tipo de Opcion
INSERT INTO SIETID.CFG_VALOR (ID,LISTA,CODIGO,NOMBRE,DESCRIPCION,ORDEN,ESTADO,CREADOR,CREACION) VALUES (3,2,'MEN','Menú','Opción que sirve para construir el menú de la aplicación',1,'A',1,SYSDATE);
INSERT INTO SIETID.CFG_VALOR (ID,LISTA,CODIGO,NOMBRE,DESCRIPCION,ORDEN,ESTADO,CREADOR,CREACION) VALUES (4,2,'VEN','Ventana','Opción que sirve para controlar permisos sobre ventanas (que no se abren desde menú)',2,'A',1,SYSDATE);
INSERT INTO SIETID.CFG_VALOR (ID,LISTA,CODIGO,NOMBRE,DESCRIPCION,ORDEN,ESTADO,CREADOR,CREACION) VALUES (5,2,'ACC','Acción','Opción que permite controlar comportamiento sobre los botones de opciones de menú o ventanas',3,'A',1,SYSDATE);

-- Valores Tipo Documento
INSERT INTO SIETID.CFG_VALOR (ID,LISTA,CODIGO,NOMBRE,DESCRIPCION,ORDEN,ESTADO,CREADOR,CREACION) VALUES (6,3,'L','DNI','DNI o libreta electoral',1,'A',1,SYSDATE);
INSERT INTO SIETID.CFG_VALOR (ID,LISTA,CODIGO,NOMBRE,DESCRIPCION,ORDEN,ESTADO,CREADOR,CREACION) VALUES (7,3,'E','Carné de extranjería','Carné de extranjería',2,'A',1,SYSDATE);
INSERT INTO SIETID.CFG_VALOR (ID,LISTA,CODIGO,NOMBRE,DESCRIPCION,ORDEN,ESTADO,CREADOR,CREACION) VALUES (8,3,'P','Pasaporte','Pasaporte',3,'A',1,SYSDATE);
INSERT INTO SIETID.CFG_VALOR (ID,LISTA,CODIGO,NOMBRE,DESCRIPCION,ORDEN,ESTADO,CREADOR,CREACION) VALUES (9,3,'T','Carné policia','Carné de fuerzas policiales',4,'A',1,SYSDATE);
INSERT INTO SIETID.CFG_VALOR (ID,LISTA,CODIGO,NOMBRE,DESCRIPCION,ORDEN,ESTADO,CREADOR,CREACION) VALUES (10,3,'D','Carné diplomatico','Carné diplomatico',5,'A',1,SYSDATE);
INSERT INTO SIETID.CFG_VALOR (ID,LISTA,CODIGO,NOMBRE,DESCRIPCION,ORDEN,ESTADO,CREADOR,CREACION) VALUES (11,3,'R','RUC','RUC',6,'A',1,SYSDATE);
INSERT INTO SIETID.CFG_VALOR (ID,LISTA,CODIGO,NOMBRE,DESCRIPCION,ORDEN,ESTADO,CREADOR,CREACION) VALUES (12,3,'J','Menor de edad','Menor de edad',7,'I',1,SYSDATE);
INSERT INTO SIETID.CFG_VALOR (ID,LISTA,CODIGO,NOMBRE,DESCRIPCION,ORDEN,ESTADO,CREADOR,CREACION) VALUES (13,3,'M','Carné militar','Carné de identificacian militar',8,'I',1,SYSDATE);
INSERT INTO SIETID.CFG_VALOR (ID,LISTA,CODIGO,NOMBRE,DESCRIPCION,ORDEN,ESTADO,CREADOR,CREACION) VALUES (14,3,'N','RUC antiguo','RUC antiguo de 8 posiciones',9,'I',1,SYSDATE);
INSERT INTO SIETID.CFG_VALOR (ID,LISTA,CODIGO,NOMBRE,DESCRIPCION,ORDEN,ESTADO,CREADOR,CREACION) VALUES (15,3,'X','DOC extranjero','DOC extranjero',10,'I',1,SYSDATE);

-- Valores Tipo Telefono
INSERT INTO SIETID.CFG_VALOR (ID,LISTA,CODIGO,NOMBRE,DESCRIPCION,ORDEN,ESTADO,CREADOR,CREACION) VALUES (16,4,'C','Celular','movistar.pe',0,'A',1,SYSDATE);
INSERT INTO SIETID.CFG_VALOR (ID,LISTA,CODIGO,NOMBRE,DESCRIPCION,ORDEN,ESTADO,CREADOR,CREACION) VALUES (17,4,'R','Radios','claro.pe',0,'A',1,SYSDATE);
INSERT INTO SIETID.CFG_VALOR (ID,LISTA,CODIGO,NOMBRE,DESCRIPCION,ORDEN,ESTADO,CREADOR,CREACION) VALUES (18,4,'F','Fijo','Número de telefono de casa',1,'A',1,SYSDATE);

--Listado de Tipos de Documentos Adjuntos
INSERT INTO SIETID.CFG_VALOR (ID,LISTA,CODIGO,NOMBRE,DESCRIPCION,ORDEN,ESTADO,CREADOR,CREACION) VALUES (19,5,'COP_DNI','Copia DNI','Copia DNI',1,'A',1,SYSDATE);
INSERT INTO SIETID.CFG_VALOR (ID,LISTA,CODIGO,NOMBRE,DESCRIPCION,ORDEN,ESTADO,CREADOR,CREACION) VALUES (20,5,'DOC_DEN','Documento del Denunciante','Documento del Denunciante',2,'A',1,SYSDATE);
INSERT INTO SIETID.CFG_VALOR (ID,LISTA,CODIGO,NOMBRE,DESCRIPCION,ORDEN,ESTADO,CREADOR,CREACION) VALUES (21,5,'DEN_COM','Denuncia de la Comisaría','Denuncia de la Comisaría',3,'A',1,SYSDATE);
INSERT INTO SIETID.CFG_VALOR (ID,LISTA,CODIGO,NOMBRE,DESCRIPCION,ORDEN,ESTADO,CREADOR,CREACION) VALUES (22,5,'COP_POL','Copia Póliza','Copia Póliza',4,'A',1,SYSDATE);
INSERT INTO SIETID.CFG_VALOR (ID,LISTA,CODIGO,NOMBRE,DESCRIPCION,ORDEN,ESTADO,CREADOR,CREACION) VALUES (23,5,'COP_VOU','Copia Voucher','Copia Voucher',5,'A',1,SYSDATE);
INSERT INTO SIETID.CFG_VALOR (ID,LISTA,CODIGO,NOMBRE,DESCRIPCION,ORDEN,ESTADO,CREADOR,CREACION) VALUES (24,5,'COP_SOL','Solicitud Copia','Solicitud Copia',6,'A',1,SYSDATE);
INSERT INTO SIETID.CFG_VALOR (ID,LISTA,CODIGO,NOMBRE,DESCRIPCION,ORDEN,ESTADO,CREADOR,CREACION) VALUES (25,5,'COP_DEN','Constancia de la Denuncia','Constancia de la Denuncia',7,'I',1,SYSDATE);
INSERT INTO SIETID.CFG_VALOR (ID,LISTA,CODIGO,NOMBRE,DESCRIPCION,ORDEN,ESTADO,CREADOR,CREACION) VALUES (26,5,'OTR_DOC','Otros documentos','Otros Documentos',8,'A',1,SYSDATE);
INSERT into SIETID.CFG_VALOR (ID,LISTA,CODIGO,NOMBRE,DESCRIPCION,ORDEN,ESTADO,CREADOR,CREACION) values (27,5,'FOT_PER','Foto Personal','Fotos de la persona',7,'A',1,SYSDATE);

--Monedas
INSERT INTO SIETID.CFG_VALOR (ID,LISTA,CODIGO,NOMBRE,DESCRIPCION,ORDEN,ESTADO,CREADOR,CREACION) VALUES (28,6,'PEN','PEN','Nuevo sol',1,'A',1,SYSDATE);
INSERT INTO SIETID.CFG_VALOR (ID,LISTA,CODIGO,NOMBRE,DESCRIPCION,ORDEN,ESTADO,CREADOR,CREACION) VALUES (29,6,'USD','USD','Dólar estadounidense',2,'A',1,SYSDATE);
INSERT INTO SIETID.CFG_VALOR (ID,LISTA,CODIGO,NOMBRE,DESCRIPCION,ORDEN,ESTADO,CREADOR,CREACION) VALUES (30,6,'EUR','EUR','Euro',3,'A',1,SYSDATE);
INSERT INTO SIETID.CFG_VALOR (ID,LISTA,CODIGO,NOMBRE,DESCRIPCION,ORDEN,ESTADO,CREADOR,CREACION) VALUES (31,6,'OTR','OTR','Otros',4,'A',1,SYSDATE);

--Tablas Relacionadas de Procedencia y Destino
INSERT INTO SIETID.CFG_VALOR (ID,LISTA,CODIGO,NOMBRE,DESCRIPCION,ORDEN,ESTADO,CREADOR,CREACION) VALUES (34,7,'DEPE','EXP_DEPENDENCIA','Divisiones Especializadas',1,'A',1,SYSDATE);
INSERT INTO SIETID.CFG_VALOR (ID,LISTA,CODIGO,NOMBRE,DESCRIPCION,ORDEN,ESTADO,CREADOR,CREACION) VALUES (35,7,'ENTI','EXP_ENTIDAD','Entidades Varias',2,'A',1,SYSDATE);
INSERT INTO SIETID.CFG_VALOR (ID,LISTA,CODIGO,NOMBRE,DESCRIPCION,ORDEN,ESTADO,CREADOR,CREACION) VALUES (36,7,'PERS','PER_PERSONA','Persona Directa',3,'A',1,SYSDATE);
INSERT INTO SIETID.CFG_VALOR (ID,LISTA,CODIGO,NOMBRE,DESCRIPCION,ORDEN,ESTADO,CREADOR,CREACION) VALUES (37,7,'EMPR','PER_EMPRESA','Empresa',4,'A',1,SYSDATE);

--Entidades 
INSERT INTO SIETID.CFG_VALOR (ID,LISTA,CODIGO,NOMBRE,DESCRIPCION,ORDEN,ESTADO,CREADOR,CREACION) VALUES (50,8,'JUZG','Juzgado','Juzgados',1,'A',1,SYSDATE);
INSERT INTO SIETID.CFG_VALOR (ID,LISTA,CODIGO,NOMBRE,DESCRIPCION,ORDEN,ESTADO,CREADOR,CREACION) VALUES (51,8,'FISC','Fiscalía','Fiscalias',2,'A',1,SYSDATE);
INSERT INTO SIETID.CFG_VALOR (ID,LISTA,CODIGO,NOMBRE,DESCRIPCION,ORDEN,ESTADO,CREADOR,CREACION) VALUES (52,8,'COMI','Comisaría','Comisarias',3,'A',1,SYSDATE);
INSERT INTO SIETID.CFG_VALOR (ID,LISTA,CODIGO,NOMBRE,DESCRIPCION,ORDEN,ESTADO,CREADOR,CREACION) VALUES (53,8,'PENI','Penitenciaría','Establecimiento Penitenciario',5,'A',1,sysdate);

-- Siglas de Documento
INSERT INTO SIETID.CFG_VALOR (ID,LISTA,CODIGO,NOMBRE,DESCRIPCION,ORDEN,ESTADO,CREADOR,CREACION) VALUES (60,9,'DIRINCRI','DIRINCRI','DIRECCION DE INVESTIGACION CRIMINAL',1,'A',1,SYSDATE);
INSERT INTO SIETID.CFG_VALOR (ID,LISTA,CODIGO,NOMBRE,DESCRIPCION,ORDEN,ESTADO,CREADOR,CREACION) VALUES (61,9,'EM','DIRINCRI-EM','DIRINCRI - ESTADO MAYOR',2,'A',1,SYSDATE);
INSERT INTO SIETID.CFG_VALOR (ID,LISTA,CODIGO,NOMBRE,DESCRIPCION,ORDEN,ESTADO,CREADOR,CREACION) VALUES (62,9,'IN','DIRINCRI-IN','DIRINCRI - OFICINA DE INTELIGENCIA',3,'A',1,SYSDATE);
INSERT INTO SIETID.CFG_VALOR (ID,LISTA,CODIGO,NOMBRE,DESCRIPCION,ORDEN,ESTADO,CREADOR,CREACION) VALUES (63,9,'OFITEL','DIRINCRI-OFITEL','DIRINCRI - OFICINA DE TELEMATICA',4,'A',1,SYSDATE);
INSERT INTO SIETID.CFG_VALOR (ID,LISTA,CODIGO,NOMBRE,DESCRIPCION,ORDEN,ESTADO,CREADOR,CREACION) VALUES (64,9,'OFICRI','DIRINCRI-OFICRI','DIRINCRI - OFICINA DE CRIMINALISTICA',5,'A',1,SYSDATE);
INSERT INTO SIETID.CFG_VALOR (ID,LISTA,CODIGO,NOMBRE,DESCRIPCION,ORDEN,ESTADO,CREADOR,CREACION) VALUES (65,9,'DIVINHOM','DIRINCRI-DIVINHOM','DIRINCRI - DIVISION DE INVEST. DE HOMICIDIOS',6,'A',1,SYSDATE);
INSERT INTO SIETID.CFG_VALOR (ID,LISTA,CODIGO,NOMBRE,DESCRIPCION,ORDEN,ESTADO,CREADOR,CREACION) VALUES (66,9,'DIVINSEC','DIRINCRI-DIVINSEC','DIRINCRI - DIVISION DE INVEST. DE SECUESTROS',7,'A',1,SYSDATE);
INSERT INTO SIETID.CFG_VALOR (ID,LISTA,CODIGO,NOMBRE,DESCRIPCION,ORDEN,ESTADO,CREADOR,CREACION) VALUES (67,9,'DIVINROB','DIRINCRI-DIVINROB','DIRINCRI - DIVISION DE INVEST. DE ROBOS',8,'A',1,SYSDATE);
INSERT INTO SIETID.CFG_VALOR (ID,LISTA,CODIGO,NOMBRE,DESCRIPCION,ORDEN,ESTADO,CREADOR,CREACION) VALUES (68,9,'DIVIEOD','DIRINCRI-DIVIEOD','DIRINCRI - DIVISION DE INVEST. DE ESTAFAS Y OTRAS DEFRAUDACIONES',9,'A',1,SYSDATE);
INSERT INTO SIETID.CFG_VALOR (ID,LISTA,CODIGO,NOMBRE,DESCRIPCION,ORDEN,ESTADO,CREADOR,CREACION) VALUES (69,9,'DIVIBPD','DIRINCRI-DIVIBPD','DIRINCRI - DIVISION DE INVEST. DE BUSQUEDA DE PERSONAS DESAPARECIDAS',10,'A',1,SYSDATE);
INSERT INTO SIETID.CFG_VALOR (ID,LISTA,CODIGO,NOMBRE,DESCRIPCION,ORDEN,ESTADO,CREADOR,CREACION) VALUES (70,9,'DIPOLJUD','DIRINCRI-DIPOLJUD','DIRINCRI - DIVISION DE POLICIA JUDICIAL',11,'A',1,SYSDATE);
INSERT INTO SIETID.CFG_VALOR (ID,LISTA,CODIGO,NOMBRE,DESCRIPCION,ORDEN,ESTADO,CREADOR,CREACION) VALUES (71,9,'RQ','DIRINCRI-RQ','DIRINCRI - DIVISION DE REQUISITORIAS',12,'A',1,SYSDATE);
INSERT INTO SIETID.CFG_VALOR (ID,LISTA,CODIGO,NOMBRE,DESCRIPCION,ORDEN,ESTADO,CREADOR,CREACION) VALUES (72,9,'DIVIPDDMP','DIRINCRI-DIVIPDDMP','DIRINCRI - DIVISION POLICIAL DE INVEST. DE DEN. DERIVADAS POR EL MIN. PUB.',13,'A',1,SYSDATE);
INSERT INTO SIETID.CFG_VALOR (ID,LISTA,CODIGO,NOMBRE,DESCRIPCION,ORDEN,ESTADO,CREADOR,CREACION) VALUES (73,9,'DIVINDAT','DIRINCRI-DIVINDAT','DIRINCRI - DIVISION DE INVESTIGACION DE DELITOS DE ALTA TECNOLOGIA',14,'A',1,SYSDATE);
INSERT INTO SIETID.CFG_VALOR (ID,LISTA,CODIGO,NOMBRE,DESCRIPCION,ORDEN,ESTADO,CREADOR,CREACION) VALUES (74,9,'DIVINTRAP','DIRINCRI-DIVINTRAP','DIRINCRI - DIVISION DE INVESTIGACION DE DELITOS CONTRA LA TRATA DE PERSONAS ',15,'A',1,SYSDATE);
INSERT INTO SIETID.CFG_VALOR (ID,LISTA,CODIGO,NOMBRE,DESCRIPCION,ORDEN,ESTADO,CREADOR,CREACION) VALUES (75,9,'DIVINCRI','DIRINCRI-DIVINCRI','DIRINCRI - JEFATURA DE AREA DE INVESTIGACION CRIMINAL',16,'A',1,SYSDATE);
INSERT INTO SIETID.CFG_VALOR (ID,LISTA,CODIGO,NOMBRE,DESCRIPCION,ORDEN,ESTADO,CREADOR,CREACION) VALUES (76,9,'DIVINCRI ESTE','DIRINCRI-DIVINCRI ESTE','DIRINCRI-DIVINCRI ESTE',17,'A',1,SYSDATE);
INSERT INTO SIETID.CFG_VALOR (ID,LISTA,CODIGO,NOMBRE,DESCRIPCION,ORDEN,ESTADO,CREADOR,CREACION) VALUES (77,9,'DIVINCRI CENTRO','DIRINCRI-DIVINCRI CENTRO','DIRINCRI-DIVINCRI CENTRO',18,'A',1,SYSDATE);
INSERT INTO SIETID.CFG_VALOR (ID,LISTA,CODIGO,NOMBRE,DESCRIPCION,ORDEN,ESTADO,CREADOR,CREACION) VALUES (78,9,'DIVINCRI SUR','DIRINCRI-DIVINCRI SUR','DIRINCRI-DIVINCRI SUR',19,'A',1,SYSDATE);
INSERT INTO SIETID.CFG_VALOR (ID,LISTA,CODIGO,NOMBRE,DESCRIPCION,ORDEN,ESTADO,CREADOR,CREACION) VALUES (79,9,'DIVINCRI NORTE','DIRINCRI-DIVINCRI NORTE','DIRINCRI-DIVINCRI NORTE',20,'A',1,SYSDATE);
INSERT INTO SIETID.CFG_VALOR (ID,LISTA,CODIGO,NOMBRE,DESCRIPCION,ORDEN,ESTADO,CREADOR,CREACION) VALUES (80,9,'DIVINCRI CALLAO','DIRINCRI-DIVINCRI CALLAO','DIRINCRI-DIVINCRI CALLAO',21,'A',1,SYSDATE);
INSERT INTO SIETID.CFG_VALOR (ID,LISTA,CODIGO,NOMBRE,DESCRIPCION,ORDEN,ESTADO,CREADOR,CREACION) VALUES (81,9,'DIROVE','DIROVE','DIROVE- DIVISION DE INVEST. DE ROBOS DE VEHICULOS',22,'A',1,SYSDATE);
INSERT INTO SIETID.CFG_VALOR (ID,LISTA,CODIGO,NOMBRE,DESCRIPCION,ORDEN,ESTADO,CREADOR,CREACION) VALUES (82,9,'DIVILA','DIRINCRI-DIVILA','DIRECCION DE INVESTIGACION DE LAVADO DE ACTIVOS',23,'A',1,SYSDATE);
--DIRANDRO
INSERT INTO SIETID.CFG_VALOR (ID,LISTA,CODIGO,NOMBRE,DESCRIPCION,ORDEN,ESTADO,CREADOR,CREACION) VALUES (83,9,'DIRANDRO','DIRANDRO','DIRECCION DE ANTIDROGAS',24,'A',1,SYSDATE);
INSERT INTO SIETID.CFG_VALOR (ID,LISTA,CODIGO,NOMBRE,DESCRIPCION,ORDEN,ESTADO,CREADOR,CREACION) VALUES (84,9,'DIRAPRE','DIRANDRO-PREVENCION','DIRANDRO - DIVISION DE PREVENCIÓN DE TID',25,'A',1,SYSDATE);
INSERT INTO SIETID.CFG_VALOR (ID,LISTA,CODIGO,NOMBRE,DESCRIPCION,ORDEN,ESTADO,CREADOR,CREACION) VALUES (85,9,'DIRAINS','DIRANDRO-INSUMOS','DIRANDRO - DIVISION DE INVESTIGACION CONTRA DESVIO DE INSUMOS QUIMICOS',26,'A',1,SYSDATE);
INSERT INTO SIETID.CFG_VALOR (ID,LISTA,CODIGO,NOMBRE,DESCRIPCION,ORDEN,ESTADO,CREADOR,CREACION) VALUES (86,9,'DIRAINVE','DIRANDRO-INVESTIGACION','DIRANDRO - DIVISION DE INVESTIGACION DEL TID',27,'A',1,SYSDATE);
INSERT INTO SIETID.CFG_VALOR (ID,LISTA,CODIGO,NOMBRE,DESCRIPCION,ORDEN,ESTADO,CREADOR,CREACION) VALUES (87,9,'DIRALAV','DIRANDRO-LAVADO','DIRANDRO - DIVISION DE INVESTIGACION DE LAVADO DE ACTIVOS Y PERDIDA DE DOMINIO',28,'A',1,SYSDATE);
INSERT INTO SIETID.CFG_VALOR (ID,LISTA,CODIGO,NOMBRE,DESCRIPCION,ORDEN,ESTADO,CREADOR,CREACION) VALUES (88,9,'DIRAESP','DIRANDRO-ESPECIALES','DIRANDRO - DIVISION DE INVESTIGACION ESPECIALES',29,'A',1,SYSDATE);
INSERT INTO SIETID.CFG_VALOR (ID,LISTA,CODIGO,NOMBRE,DESCRIPCION,ORDEN,ESTADO,CREADOR,CREACION) VALUES (89,9,'DIRAPORT','DIRANDRO-PORTUARIA','DIRANDRO - DIVISION PORTUARIA ANTIDROGAS',30,'A',1,SYSDATE);
INSERT INTO SIETID.CFG_VALOR (ID,LISTA,CODIGO,NOMBRE,DESCRIPCION,ORDEN,ESTADO,CREADOR,CREACION) VALUES (90,9,'DIRAOPER','DIRANDRO-OPERACIONES','DIRANDRO - DIVISION EJECUTIVA DE OPERACIONES ESPECIALES ANTIDROGAS',31,'A',1,SYSDATE);

--Estado Civil
INSERT INTO SIETID.CFG_VALOR (ID,LISTA,CODIGO,NOMBRE,DESCRIPCION,ORDEN,ESTADO,CREADOR,CREACION) values (100,10,'S','Soltero','Soletro',1,'A',1,SYSDATE);
INSERT INTO SIETID.CFG_VALOR (ID,LISTA,CODIGO,NOMBRE,DESCRIPCION,ORDEN,ESTADO,CREADOR,CREACION) values (101,10,'C','Casado','Casado',2,'A',1,SYSDATE);
INSERT INTO SIETID.CFG_VALOR (ID,LISTA,CODIGO,NOMBRE,DESCRIPCION,ORDEN,ESTADO,CREADOR,CREACION) values (102,10,'D','Divorciado','Divorciado',3,'A',1,SYSDATE);
INSERT INTO SIETID.CFG_VALOR (ID,LISTA,CODIGO,NOMBRE,DESCRIPCION,ORDEN,ESTADO,CREADOR,CREACION) values (103,10,'V','Viudo','Viudo',4,'A',1,SYSDATE);

--Continentes 
INSERT INTO SIETID.CFG_VALOR (ID,LISTA,CODIGO,NOMBRE,DESCRIPCION,ORDEN,ESTADO,CREADOR,CREACION) VALUES (105,11,'AM','America','America',1,'A',1,SYSDATE);
INSERT INTO SIETID.CFG_VALOR (ID,LISTA,CODIGO,NOMBRE,DESCRIPCION,ORDEN,ESTADO,CREADOR,CREACION) VALUES (106,11,'EU','Europa','Europa',2,'A',1,SYSDATE);
INSERT INTO SIETID.CFG_VALOR (ID,LISTA,CODIGO,NOMBRE,DESCRIPCION,ORDEN,ESTADO,CREADOR,CREACION) VALUES (107,11,'AF','África','África',3,'A',1,SYSDATE);
INSERT INTO SIETID.CFG_VALOR (ID,LISTA,CODIGO,NOMBRE,DESCRIPCION,ORDEN,ESTADO,CREADOR,CREACION) VALUES (108,11,'AS','Asia','Asia',4,'A',1,SYSDATE);
INSERT INTO SIETID.CFG_VALOR (ID,LISTA,CODIGO,NOMBRE,DESCRIPCION,ORDEN,ESTADO,CREADOR,CREACION) VALUES (109,11,'OC','Oceanía','Oceanía',5,'A',1,SYSDATE);

---Rasgos
INSERT INTO SIETID.CFG_VALOR (ID,LISTA,CODIGO,NOMBRE,DESCRIPCION,ORDEN,ESTADO,CREADOR,CREACION) VALUES (110,12,'CEJA_POB','Cejas Pobladas','Cejas Pobladas',1,'A',1,SYSDATE);
INSERT INTO SIETID.CFG_VALOR (ID,LISTA,CODIGO,NOMBRE,DESCRIPCION,ORDEN,ESTADO,CREADOR,CREACION) VALUES (111,13,'OREJA_PT','Orejas Punteagudas','Orejas Punteagudas',1,'A',1,SYSDATE);
INSERT INTO SIETID.CFG_VALOR (ID,LISTA,CODIGO,NOMBRE,DESCRIPCION,ORDEN,ESTADO,CREADOR,CREACION) VALUES (112,14,'PIEL_CL','Piel Clara','Piel Clara',1,'A',1,SYSDATE);
INSERT INTO SIETID.CFG_VALOR (ID,LISTA,CODIGO,NOMBRE,DESCRIPCION,ORDEN,ESTADO,CREADOR,CREACION) VALUES (113,15,'CONTEX_GR','Contextura Gruesa','Contextura Gruesa',1,'A',1,SYSDATE);
INSERT INTO SIETID.CFG_VALOR (ID,LISTA,CODIGO,NOMBRE,DESCRIPCION,ORDEN,ESTADO,CREADOR,CREACION) VALUES (114,16,'CABELLO_LZ','Cabello Lazio','Cabello Lazio',1,'A',1,SYSDATE);
INSERT INTO SIETID.CFG_VALOR (ID,LISTA,CODIGO,NOMBRE,DESCRIPCION,ORDEN,ESTADO,CREADOR,CREACION) VALUES (115,17,'RAZA_MZ','Raza Mestiza','Raza Mestiza',1,'A',1,SYSDATE);
INSERT INTO SIETID.CFG_VALOR (ID,LISTA,CODIGO,NOMBRE,DESCRIPCION,ORDEN,ESTADO,CREADOR,CREACION) VALUES (116,18,'CABELLO_RB','Cabello Rubio','Cabello Rubio',1,'A',1,SYSDATE);
INSERT INTO SIETID.CFG_VALOR (ID,LISTA,CODIGO,NOMBRE,DESCRIPCION,ORDEN,ESTADO,CREADOR,CREACION) VALUES (117,19,'CORTE_ML','Corte Militar','Corte Militar',1,'A',1,SYSDATE);
INSERT INTO SIETID.CFG_VALOR (ID,LISTA,CODIGO,NOMBRE,DESCRIPCION,ORDEN,ESTADO,CREADOR,CREACION) VALUES (118,20,'OJO_RD','Ojos Redondos','Ojos Redondos',1,'A',1,SYSDATE);
INSERT INTO SIETID.CFG_VALOR (ID,LISTA,CODIGO,NOMBRE,DESCRIPCION,ORDEN,ESTADO,CREADOR,CREACION) VALUES (119,21,'OJO_PR','Pardos','Pardos',1,'A',1,SYSDATE);
INSERT INTO SIETID.CFG_VALOR (ID,LISTA,CODIGO,NOMBRE,DESCRIPCION,ORDEN,ESTADO,CREADOR,CREACION) VALUES (120,22,'NARIZ_AG','Nariz Aguileña','Nariz Aguileña',1,'A',1,SYSDATE);
INSERT INTO SIETID.CFG_VALOR (ID,LISTA,CODIGO,NOMBRE,DESCRIPCION,ORDEN,ESTADO,CREADOR,CREACION) VALUES (121,23,'CARA_RD','Cara Redonda','Cara Redonda',1,'A',1,SYSDATE);
INSERT INTO SIETID.CFG_VALOR (ID,LISTA,CODIGO,NOMBRE,DESCRIPCION,ORDEN,ESTADO,CREADOR,CREACION) VALUES (122,24,'LABIO_GR','Labio Grueso','Labio Grueso',1,'A',1,SYSDATE);
INSERT INTO SIETID.CFG_VALOR (ID,LISTA,CODIGO,NOMBRE,DESCRIPCION,ORDEN,ESTADO,CREADOR,CREACION) VALUES (123,25,'BOCA_NR','Boca Normal','Boca Normal',1,'A',1,SYSDATE);
INSERT INTO SIETID.CFG_VALOR (ID,LISTA,CODIGO,NOMBRE,DESCRIPCION,ORDEN,ESTADO,CREADOR,CREACION) VALUES (124,26,'PROF_ADM','Administrados','Administrador',1,'A',1,SYSDATE);

--Tipo de Parentesco
INSERT INTO SIETID.CFG_VALOR (ID,LISTA,CODIGO,NOMBRE,DESCRIPCION,ORDEN,ESTADO,CREADOR,CREACION) VALUES (130,27,'PAR_HER','Hermano','Hermano',1,'A',1,SYSDATE);
INSERT INTO SIETID.CFG_VALOR (ID,LISTA,CODIGO,NOMBRE,DESCRIPCION,ORDEN,ESTADO,CREADOR,CREACION) VALUES (131,27,'PAR_PRI','Primo','Primo',1,'A',1,SYSDATE);
INSERT INTO SIETID.CFG_VALOR (ID,LISTA,CODIGO,NOMBRE,DESCRIPCION,ORDEN,ESTADO,CREADOR,CREACION) VALUES (132,27,'PAR_TIO','Tio','Tio',1,'A',1,SYSDATE);
INSERT INTO SIETID.CFG_VALOR (ID,LISTA,CODIGO,NOMBRE,DESCRIPCION,ORDEN,ESTADO,CREADOR,CREACION) VALUES (133,27,'PAR_SOB','Sobrino','Sobrino',1,'A',1,SYSDATE);


--Listado de Tipos de Documentos Adjuntos
INSERT into SIETID.CFG_VALOR (ID,LISTA,CODIGO,NOMBRE,DESCRIPCION,ORDEN,ESTADO,CREADOR,CREACION) values (140,6,'COP_DNI','Copia DNI','Copia DNI',1,'A',1,SYSDATE);
INSERT into SIETID.CFG_VALOR (ID,LISTA,CODIGO,NOMBRE,DESCRIPCION,ORDEN,ESTADO,CREADOR,CREACION) values (141,6,'DOC_DEN','Documento del Denunciante','Documento del Denunciante',2,'A',1,SYSDATE);
INSERT into SIETID.CFG_VALOR (ID,LISTA,CODIGO,NOMBRE,DESCRIPCION,ORDEN,ESTADO,CREADOR,CREACION) values (142,6,'DEN_COM','Denuncia de la Comisaría','Denuncia de la Comisaría',3,'A',1,SYSDATE);
INSERT into SIETID.CFG_VALOR (ID,LISTA,CODIGO,NOMBRE,DESCRIPCION,ORDEN,ESTADO,CREADOR,CREACION) values (143,6,'COP_SOL','Solicitud Copia','Solicitud Copia',4,'A',1,SYSDATE);
INSERT into SIETID.CFG_VALOR (ID,LISTA,CODIGO,NOMBRE,DESCRIPCION,ORDEN,ESTADO,CREADOR,CREACION) values (144,6,'COP_DEN','Constancia de la Denuncia','Constancia de la Denuncia',5,'I',1,SYSDATE);
INSERT into SIETID.CFG_VALOR (ID,LISTA,CODIGO,NOMBRE,DESCRIPCION,ORDEN,ESTADO,CREADOR,CREACION) values (145,6,'OTR_DOC','Otros documentos','Otros Documentos',6,'A',1,SYSDATE);
INSERT into SIETID.CFG_VALOR (ID,LISTA,CODIGO,NOMBRE,DESCRIPCION,ORDEN,ESTADO,CREADOR,CREACION) values (146,6,'FOT_PER','Foto Personal','Fotos de la persona',7,'A',1,SYSDATE);

--Grados
INSERT INTO SIETID.CFG_VALOR (ID,LISTA,CODIGO,NOMBRE,DESCRIPCION,ORDEN,ESTADO,CREADOR,CREACION) VALUES (147,28,'GR1','Grado 1','Grado 1',1,'A',1,SYSDATE);
INSERT INTO SIETID.CFG_VALOR (ID,LISTA,CODIGO,NOMBRE,DESCRIPCION,ORDEN,ESTADO,CREADOR,CREACION) VALUES (148,28,'GR2','Grado 2','Grado 2',2,'A',1,SYSDATE);

--Unidades
INSERT INTO SIETID.CFG_VALOR (ID,LISTA,CODIGO,NOMBRE,DESCRIPCION,ORDEN,ESTADO,CREADOR,CREACION) VALUES (149,29,'UN1','Unidad 1','Unidad 1',1,'A',1,SYSDATE);
INSERT INTO SIETID.CFG_VALOR (ID,LISTA,CODIGO,NOMBRE,DESCRIPCION,ORDEN,ESTADO,CREADOR,CREACION) VALUES (150,29,'UN2','Unidad 2','Unidad 2',2,'A',1,SYSDATE);

--Cargos
INSERT INTO SIETID.CFG_VALOR (ID,LISTA,CODIGO,NOMBRE,DESCRIPCION,ORDEN,ESTADO,CREADOR,CREACION) VALUES (151,30,'CR1','Cargo 1','Cargo 1',1,'A',1,SYSDATE);
INSERT INTO SIETID.CFG_VALOR (ID,LISTA,CODIGO,NOMBRE,DESCRIPCION,ORDEN,ESTADO,CREADOR,CREACION) VALUES (152,30,'CR2','Cargo 2','Cargo 2',2,'A',1,SYSDATE);

--Tipos de Letrado
INSERT INTO SIETID.CFG_VALOR (ID,LISTA,CODIGO,NOMBRE,DESCRIPCION,ORDEN,ESTADO,CREADOR,CREACION) VALUES (153,31,'FIS','Fiscal','Fiscal',1,'A',1,SYSDATE);
INSERT INTO SIETID.CFG_VALOR (ID,LISTA,CODIGO,NOMBRE,DESCRIPCION,ORDEN,ESTADO,CREADOR,CREACION) VALUES (154,31,'JUE','Juez','Juez',2,'A',1,SYSDATE);
INSERT INTO SIETID.CFG_VALOR (ID,LISTA,CODIGO,NOMBRE,DESCRIPCION,ORDEN,ESTADO,CREADOR,CREACION) VALUES (155,31,'ABO','Abogado','Abogado',3,'A',1,SYSDATE);

INSERT into SIETID.CFG_VALOR (ID,LISTA,CODIGO,NOMBRE,DESCRIPCION,ORDEN,ESTADO,CREADOR,CREACION) values (156,32,'NORM','Normal','Prioridad Normal',1,'A',1,SYSDATE);
INSERT into SIETID.CFG_VALOR (ID,LISTA,CODIGO,NOMBRE,DESCRIPCION,ORDEN,ESTADO,CREADOR,CREACION) values (157,32,'URGT','Urgente','Prioridad Urgente',2,'A',1,SYSDATE);

--FIXME
INSERT into SIETID.CFG_VALOR (ID,LISTA,CODIGO,NOMBRE,DESCRIPCION,ORDEN,ESTADO,CREADOR,CREACION) values (158,33,'FIN_1','Finalidad 1','Finalidad 1',1,'A',1,SYSDATE);
INSERT into SIETID.CFG_VALOR (ID,LISTA,CODIGO,NOMBRE,DESCRIPCION,ORDEN,ESTADO,CREADOR,CREACION) values (159,34,'CUENCA_1','Cuenca 1','Cuenca 1',1,'A',1,SYSDATE);
INSERT into SIETID.CFG_VALOR (ID,LISTA,CODIGO,NOMBRE,DESCRIPCION,ORDEN,ESTADO,CREADOR,CREACION) values (160,35,'INTER_1','Intervenido 1','Intervenido 1',1,'A',1,SYSDATE);
--END FIXME

--Tipos de Agrupación
INSERT INTO SIETID.CFG_VALOR (ID,LISTA,CODIGO,NOMBRE,DESCRIPCION,ORDEN,ESTADO,CREADOR,CREACION) VALUES (180,36,'EQP','Equipo','Equipos Forman parte de los Departamentos',1,'A',1,SYSDATE);
INSERT INTO SIETID.CFG_VALOR (ID,LISTA,CODIGO,NOMBRE,DESCRIPCION,ORDEN,ESTADO,CREADOR,CREACION) VALUES (181,36,'GRP','Grupo','Grupos de Trabajo formados por los Equipos',2,'A',1,SYSDATE);

--FIXME
INSERT into SIETID.CFG_VALOR (ID,LISTA,CODIGO,NOMBRE,DESCRIPCION,ORDEN,ESTADO,CREADOR,CREACION) values (182,37,'TIP_DIR_1','Tipo Dirección 1','Tipo Dirección 1',1,'A',1,SYSDATE);
INSERT into SIETID.CFG_VALOR (ID,LISTA,CODIGO,NOMBRE,DESCRIPCION,ORDEN,ESTADO,CREADOR,CREACION) values (183,38,'TIP_HEC_1','Tipo Hecho 1','Tipo Hecho 1',1,'A',1,SYSDATE);
--END FIXME

--Tipo de Marcas
INSERT INTO SIETID.CFG_VALOR (ID,LISTA,CODIGO,NOMBRE,DESCRIPCION,ORDEN,ESTADO,CREADOR,CREACION) values (190,39,'VEHI','Transporte','Tipos de Tranporte',1,'A',1,SYSDATE);
INSERT INTO SIETID.CFG_VALOR (ID,LISTA,CODIGO,NOMBRE,DESCRIPCION,ORDEN,ESTADO,CREADOR,CREACION) values (191,39,'ARMA','Armas','Tipos de Armas,',2,'A',1,SYSDATE);
INSERT INTO SIETID.CFG_VALOR (ID,LISTA,CODIGO,NOMBRE,DESCRIPCION,ORDEN,ESTADO,CREADOR,CREACION) values (192,39,'MOVI','Comunicacion','Medios de Comunicacion,',3,'A',1,SYSDATE);
INSERT INTO SIETID.CFG_VALOR (ID,LISTA,CODIGO,NOMBRE,DESCRIPCION,ORDEN,ESTADO,CREADOR,CREACION) values (193,39,'MUNI','Munición','Tipos de Municiones,',4,'A',1,SYSDATE);

--Tipos de Funcion
INSERT INTO SIETID.CFG_VALOR (ID,LISTA,CODIGO,NOMBRE,DESCRIPCION,ORDEN,ESTADO,CREADOR,CREACION) VALUES (200,40,'JDPO','Jefe DPTO','Jefe DPTO',1,'A',1,SYSDATE);
INSERT INTO SIETID.CFG_VALOR (ID,LISTA,CODIGO,NOMBRE,DESCRIPCION,ORDEN,ESTADO,CREADOR,CREACION) VALUES (201,40,'JEQI','Jefe Equipo','Jefe Equipo',2,'A',1,SYSDATE);
INSERT INTO SIETID.CFG_VALOR (ID,LISTA,CODIGO,NOMBRE,DESCRIPCION,ORDEN,ESTADO,CREADOR,CREACION) VALUES (202,40,'INST','Instructor','Instructor',3,'A',1,SYSDATE);
INSERT INTO SIETID.CFG_VALOR (ID,LISTA,CODIGO,NOMBRE,DESCRIPCION,ORDEN,ESTADO,CREADOR,CREACION) values (203,40,'JDIV','Jefe Division','Jefe Division',4,'A',1,SYSDATE);

--Codigo Procesal Penal
INSERT INTO SIETID.CFG_VALOR (ID,LISTA,CODIGO,NOMBRE,DESCRIPCION,ORDEN,ESTADO,CREADOR,CREACION) VALUES (205,41,'COD02','Decreto Actual','Codigo Procesal Penal Actual',1,'A',1,SYSDATE);
INSERT INTO SIETID.CFG_VALOR (ID,LISTA,CODIGO,NOMBRE,DESCRIPCION,ORDEN,ESTADO,CREADOR,CREACION) VALUES (206,41,'COD01','Decreto Legislativo N° 635','Codigo Penal Decreto Legislativo N° 635',2,'A',1,SYSDATE);

--Categoria de centro poblado
INSERT INTO SIETID.CFG_VALOR (ID,LISTA,CODIGO,NOMBRE,DESCRIPCION,ORDEN,ESTADO,CREADOR,CREACION) VALUES (207,42,'CPCAT1','Caserio','Caserio',1,'A',1,SYSDATE);
INSERT INTO SIETID.CFG_VALOR (ID,LISTA,CODIGO,NOMBRE,DESCRIPCION,ORDEN,ESTADO,CREADOR,CREACION) VALUES (208,42,'CPCAT2','Unidad Agropecuaria','Unidad Agropecuaria',2,'A',1,SYSDATE);

--Tipos de Calibres
INSERT INTO SIETID.CFG_VALOR (ID,LISTA,CODIGO,NOMBRE,DESCRIPCION,ORDEN,ESTADO,CREADOR,CREACION) VALUES (209,43,'CAL1','Calibre 1','Calibre 1',1,'A',1,SYSDATE);
INSERT INTO SIETID.CFG_VALOR (ID,LISTA,CODIGO,NOMBRE,DESCRIPCION,ORDEN,ESTADO,CREADOR,CREACION) VALUES (210,43,'CAL2','Calibre 2','Calibre 2',2,'A',1,SYSDATE);

--Tabla para el seguimiento de situacion
INSERT INTO SIETID.CFG_VALOR (ID,LISTA,CODIGO,NOMBRE,DESCRIPCION,ORDEN,ESTADO,CREADOR,CREACION) VALUES (220,44,'EQUI','EXP_EQUIPO','Equipos de Trabajo',3,'A',1,SYSDATE);
INSERT INTO SIETID.CFG_VALOR (ID,LISTA,CODIGO,NOMBRE,DESCRIPCION,ORDEN,ESTADO,CREADOR,CREACION) VALUES (221,44,'MUNI','EXP_MUNICIONES','Munciones',4,'A',1,SYSDATE);
INSERT INTO SIETID.CFG_VALOR (ID,LISTA,CODIGO,NOMBRE,DESCRIPCION,ORDEN,ESTADO,CREADOR,CREACION) VALUES (222,44,'DTEL','EXP_DET_PER_TEL_EXP','Detalle de Telefonos',5,'A',1,SYSDATE);
INSERT INTO SIETID.CFG_VALOR (ID,LISTA,CODIGO,NOMBRE,DESCRIPCION,ORDEN,ESTADO,CREADOR,CREACION) VALUES (223,44,'DROG','EXP_DROGAS','Drogas',6,'A',1,SYSDATE);
INSERT INTO SIETID.CFG_VALOR (ID,LISTA,CODIGO,NOMBRE,DESCRIPCION,ORDEN,ESTADO,CREADOR,CREACION) VALUES (224,44,'EXPL','EXP_EXPLOSIVOS','Explosivos',7,'A',1,SYSDATE);
INSERT INTO SIETID.CFG_VALOR (ID,LISTA,CODIGO,NOMBRE,DESCRIPCION,ORDEN,ESTADO,CREADOR,CREACION) VALUES (225,44,'IMPO','EXP_IMPORTES','Importes',8,'A',1,SYSDATE);
INSERT INTO SIETID.CFG_VALOR (ID,LISTA,CODIGO,NOMBRE,DESCRIPCION,ORDEN,ESTADO,CREADOR,CREACION) VALUES (226,44,'DVEH','EXP_DET_PER_VEH_EXP','Detalle Vehiculos',9,'A',1,SYSDATE);
INSERT INTO SIETID.CFG_VALOR (ID,LISTA,CODIGO,NOMBRE,DESCRIPCION,ORDEN,ESTADO,CREADOR,CREACION) VALUES (227,44,'DARM','EXP_DET_PER_ARM_EXP','Detalle Armas ',10,'A',1,SYSDATE);
INSERT INTO SIETID.CFG_VALOR (ID,LISTA,CODIGO,NOMBRE,DESCRIPCION,ORDEN,ESTADO,CREADOR,CREACION) VALUES (228,44,'ESPE','EXP_ESPECIE','Especies Valoradas',11,'A',1,SYSDATE);

--Tipos de instalacion
INSERT INTO SIETID.CFG_VALOR (ID,LISTA,CODIGO,NOMBRE,DESCRIPCION,ORDEN,ESTADO,CREADOR,CREACION) VALUES (229,45,'TINS1','Laboratorio Caandestino','Laboratorio Clandestino',1,'A',1,SYSDATE);
INSERT INTO SIETID.CFG_VALOR (ID,LISTA,CODIGO,NOMBRE,DESCRIPCION,ORDEN,ESTADO,CREADOR,CREACION) VALUES (230,45,'TINS2','Poza Maceracion','Poza de Maceracion',2,'A',1,SYSDATE);
INSERT INTO SIETID.CFG_VALOR (ID,LISTA,CODIGO,NOMBRE,DESCRIPCION,ORDEN,ESTADO,CREADOR,CREACION) VALUES (231,45,'TINS3','Caleta','Caleta',3,'A',1,SYSDATE);
INSERT INTO SIETID.CFG_VALOR (ID,LISTA,CODIGO,NOMBRE,DESCRIPCION,ORDEN,ESTADO,CREADOR,CREACION) VALUES (232,45,'TINS4','Pacs','Pacs',4,'A',1,SYSDATE);
INSERT INTO SIETID.CFG_VALOR (ID,LISTA,CODIGO,NOMBRE,DESCRIPCION,ORDEN,ESTADO,CREADOR,CREACION) VALUES (233,45,'TINS5','Área de cultivo','Área de cultivo',5,'A',1,SYSDATE);
INSERT INTO SIETID.CFG_VALOR (ID,LISTA,CODIGO,NOMBRE,DESCRIPCION,ORDEN,ESTADO,CREADOR,CREACION) VALUES (234,45,'TINS6','Depósito','Depósito',6,'A',1,SYSDATE);
INSERT INTO SIETID.CFG_VALOR (ID,LISTA,CODIGO,NOMBRE,DESCRIPCION,ORDEN,ESTADO,CREADOR,CREACION) VALUES (235,45,'TINS7','Poza decantac.','Poza Decantac.',7,'A',1,SYSDATE);
INSERT INTO SIETID.CFG_VALOR (ID,LISTA,CODIGO,NOMBRE,DESCRIPCION,ORDEN,ESTADO,CREADOR,CREACION) VALUES (236,45,'TINS8','Inmueble involucrado','Inmueble involucrado',8,'A',1,SYSDATE);
INSERT INTO SIETID.CFG_VALOR (ID,LISTA,CODIGO,NOMBRE,DESCRIPCION,ORDEN,ESTADO,CREADOR,CREACION) VALUES (237,45,'TINS9','Domicilio','Domicilio',9,'A',1,SYSDATE);
INSERT INTO SIETID.CFG_VALOR (ID,LISTA,CODIGO,NOMBRE,DESCRIPCION,ORDEN,ESTADO,CREADOR,CREACION) VALUES (238,45,'TINS10','Penal','Penal',10,'A',1,SYSDATE);

--estado de acceso al centro poblado
INSERT INTO SIETID.CFG_VALOR (ID,LISTA,CODIGO,NOMBRE,DESCRIPCION,ORDEN,ESTADO,CREADOR,CREACION) VALUES (240,46,'E_CP1','Difícil acceso','Difícil Acceso',1,'A',1,SYSDATE);
INSERT INTO SIETID.CFG_VALOR (ID,LISTA,CODIGO,NOMBRE,DESCRIPCION,ORDEN,ESTADO,CREADOR,CREACION) VALUES (241,46,'E_CP2','Sin acceso','Sin Acceso',1,'A',1,SYSDATE);

--Situacion general del bien en el expediente
INSERT INTO SIETID.CFG_VALOR (ID,LISTA,CODIGO,NOMBRE,DESCRIPCION,ORDEN,ESTADO,CREADOR,CREACION) VALUES (250,47,'SIT1','Incautado','Incautado',1,'A',1,SYSDATE);
INSERT INTO SIETID.CFG_VALOR (ID,LISTA,CODIGO,NOMBRE,DESCRIPCION,ORDEN,ESTADO,CREADOR,CREACION) VALUES (251,47,'SIT2','Apropiado','Apropiado',2,'A',1,SYSDATE);
INSERT INTO SIETID.CFG_VALOR (ID,LISTA,CODIGO,NOMBRE,DESCRIPCION,ORDEN,ESTADO,CREADOR,CREACION) VALUES (252,47,'SIT3','Devuelto','Devuelto',3,'A',1,SYSDATE);

--Tipos de Documentos
INSERT INTO SIETID.CFG_VALOR (ID,LISTA,CODIGO,NOMBRE,DESCRIPCION,ORDEN,ESTADO,CREADOR,CREACION) VALUES (260,48,'CITA','CITACION','CITACION',1,'A',1,SYSDATE);
INSERT INTO SIETID.CFG_VALOR (ID,LISTA,CODIGO,NOMBRE,DESCRIPCION,ORDEN,ESTADO,CREADOR,CREACION) VALUES (261,48,'DECR','DECRETO','DECRETO',2,'A',1,SYSDATE);
INSERT INTO SIETID.CFG_VALOR (ID,LISTA,CODIGO,NOMBRE,DESCRIPCION,ORDEN,ESTADO,CREADOR,CREACION) VALUES (262,48,'MEMO','MEMORANDUM','MEMORANDUM',3,'A',1,SYSDATE);
INSERT INTO SIETID.CFG_VALOR (ID,LISTA,CODIGO,NOMBRE,DESCRIPCION,ORDEN,ESTADO,CREADOR,CREACION) VALUES (263,48,'OFIC','OFICIO','OFICIO',4,'A',1,SYSDATE);
INSERT INTO SIETID.CFG_VALOR (ID,LISTA,CODIGO,NOMBRE,DESCRIPCION,ORDEN,ESTADO,CREADOR,CREACION) VALUES (264,48,'ATES','ATESTADO','ATESTADO',5,'A',1,SYSDATE);
INSERT INTO SIETID.CFG_VALOR (ID,LISTA,CODIGO,NOMBRE,DESCRIPCION,ORDEN,ESTADO,CREADOR,CREACION) VALUES (265,48,'SOLI','SOLICITUD','SOLICITUD',6,'A',1,SYSDATE);

--Prioridad de Delitos
INSERT INTO SIETID.CFG_VALOR (ID,LISTA,CODIGO,NOMBRE,DESCRIPCION,ORDEN,ESTADO,CREADOR,CREACION) VALUES (268,49,'PRINC','Principal','Principal',1,'A',1,SYSDATE);
INSERT INTO SIETID.CFG_VALOR (ID,LISTA,CODIGO,NOMBRE,DESCRIPCION,ORDEN,ESTADO,CREADOR,CREACION) VALUES (269,49,'SECUN','Secundario','Secundario',2,'A',1,SYSDATE);

--Tipo de Participación
INSERT INTO SIETID.CFG_VALOR (ID,LISTA,CODIGO,NOMBRE,DESCRIPCION,ORDEN,ESTADO,CREADOR,CREACION) VALUES (270,50,'DE','Denunciante','Denunciante',1,'A',1,SYSDATE);
INSERT INTO SIETID.CFG_VALOR (ID,LISTA,CODIGO,NOMBRE,DESCRIPCION,ORDEN,ESTADO,CREADOR,CREACION) VALUES (271,50,'PA','Presuento Autor','Presuento Autor',2,'A',1,SYSDATE);

--Orientación sexual
INSERT INTO SIETID.CFG_VALOR (ID,LISTA,CODIGO,NOMBRE,DESCRIPCION,ORDEN,ESTADO,CREADOR,CREACION) VALUES (280, 51,'OS_HE', 'HETEROSEXUAL','HETEROSEXUAL', 1,'A', 1,SYSDATE);
INSERT INTO SIETID.CFG_VALOR (ID,LISTA,CODIGO,NOMBRE,DESCRIPCION,ORDEN,ESTADO,CREADOR,CREACION) VALUES (281, 51,'OS_HO', 'HOMOSEXUAL','HOMOSEXUAL', 2,'A', 1,SYSDATE);
INSERT INTO SIETID.CFG_VALOR (ID,LISTA,CODIGO,NOMBRE,DESCRIPCION,ORDEN,ESTADO,CREADOR,CREACION) VALUES (282, 51,'OS_BI', 'BISEXUAL','BISEXUAL', 3,'A', 1,SYSDATE);

commit;